Cell	annotation	x.loc	y.loc
Cell1	CellType1	0.08735397248528898	0.2422047471627593
Cell2	CellType1	0.4131513105239719	0.48003187915310264
Cell3	CellType2	0.09805779485031962	0.8404845893383026
Cell4	CellType1	0.9161548824049532	0.9920769706368446
Cell5	CellType1	0.06460717646405101	0.24423468695022166
Cell6	CellType1	0.389949967386201	0.6230387217365205
Cell7	CellType2	0.8048782988917083	0.45878980052657425
Cell8	CellType2	0.3840579215902835	0.8483723369427025
Cell9	CellType2	0.1122560037765652	0.727033655392006
Cell10	CellType1	0.15982982167042792	0.1913045982364565
Cell11	CellType1	0.7320600617676973	0.2715788255445659
Cell12	CellType2	0.2768616450484842	0.17243788996711373
Cell13	CellType2	0.9904961509164423	0.5338160896208137
Cell14	CellType1	0.8699128732550889	0.33385722409002483
Cell15	CellType1	0.4215116067789495	0.9427160620689392
Cell16	CellType1	0.9656999786384404	0.963717887410894
Cell17	CellType1	0.42700371728278697	0.3214479167945683
Cell18	CellType1	0.9467038090806454	0.6759291461203247
Cell19	CellType1	0.7991916914470494	0.12332451483234763
Cell20	CellType2	0.24704744690097868	0.7098469871561974
Cell21	CellType1	0.4942125272937119	0.7653706280980259
Cell22	CellType1	0.8632908519357443	0.3315637158229947
Cell23	CellType2	0.22248331899754703	0.21636146353557706
Cell24	CellType2	0.0904524247162044	0.4491865176241845
Cell25	CellType2	0.07787106651812792	0.3941957061178982
Cell26	CellType1	0.19976865593343973	0.5748221334069967
Cell27	CellType1	0.5371720953844488	0.6942029409110546
Cell28	CellType1	0.6233955668285489	0.060398567002266645
Cell29	CellType1	0.33463485026732087	0.6777194219175726
Cell30	CellType1	0.9738434271421283	0.8183860620483756
Cell31	CellType1	0.6526066372171044	0.8808904006145895
Cell32	CellType1	0.5269027857575566	0.08693732530809939
Cell33	CellType1	0.6110335476696491	0.24844338721595705
Cell34	CellType2	0.8518567369319499	0.8368270511273295
Cell35	CellType1	0.9028612116817385	0.3750105379149318
Cell36	CellType1	0.4712841040454805	0.5741241942159832
Cell37	CellType2	0.7258197970222682	0.2552628736011684
Cell38	CellType1	0.5027094709221274	0.01783713069744408
Cell39	CellType1	0.8721077609807253	0.4354103980585933
Cell40	CellType1	0.6616681180894375	0.9065095407422632
Cell41	CellType1	0.5277735940180719	0.9766686621587723
Cell42	CellType1	0.9474809269886464	0.4539291667751968
Cell43	CellType1	0.7927266820333898	0.4756589219905436
Cell44	CellType1	0.21665267320349813	0.757154627237469
Cell45	CellType1	0.40233230916783214	0.48890684731304646
Cell46	CellType1	0.4018557113595307	0.8138593237381428
Cell47	CellType1	0.438948015216738	0.6955085631925613
Cell48	CellType2	0.6241898024454713	0.9359167467337102
Cell49	CellType1	0.5297657153569162	0.11184903210960329
Cell50	CellType1	0.5289659784175456	0.7756065102294087
Cell51	CellType1	0.13344272901304066	0.8298571803607047
Cell52	CellType2	0.10940948966890574	0.5546008478850126
Cell53	CellType2	0.11398887494578958	0.4767293317709118
Cell54	CellType2	0.4514203288126737	0.12162411794997752
Cell55	CellType1	0.3856552098877728	0.24042186490260065
Cell56	CellType1	0.7536694784648716	0.8100017798133194
Cell57	CellType2	0.08051056182011962	0.645915315952152
Cell58	CellType1	0.42859086440876126	0.5869185961782932
Cell59	CellType1	0.5381136622745544	0.4273333626333624
Cell60	CellType1	0.5353173110634089	0.8606952000409365
Cell61	CellType1	0.7876566080376506	0.43974539497867227
Cell62	CellType2	0.09189126640558243	0.37564311479218304
Cell63	CellType2	0.18876780360005796	0.4542722476180643
Cell64	CellType1	0.32509440276771784	0.4406785280443728
Cell65	CellType1	0.5207312945276499	0.9390931134112179
Cell66	CellType1	0.21276607899926603	0.33959658979438245
Cell67	CellType1	0.06166054820641875	0.29016256774775684
Cell68	CellType1	0.6179046395700425	0.3619180484674871
Cell69	CellType1	0.8250738291535527	0.830023899441585
Cell70	CellType2	0.3408940336667001	0.14122380735352635
Cell71	CellType1	0.360480586765334	0.5652997796423733
Cell72	CellType2	0.2978412420488894	0.4124556554015726
Cell73	CellType1	0.9370557954534888	0.3906115770805627
Cell74	CellType1	0.8108122383709997	0.3047675439156592
Cell75	CellType1	0.516674695070833	0.25965167861431837
Cell76	CellType2	0.49687562393955886	0.9420326028484851
Cell77	CellType2	0.96854731393978	0.35676997154951096
Cell78	CellType2	0.9763264872599393	0.10574895399622619
Cell79	CellType2	0.6311447217594832	0.3913073188159615
Cell80	CellType1	0.023865765426307917	0.44116149470210075
Cell81	CellType2	0.4247858708258718	0.8622802717145532
Cell82	CellType1	0.8583810136187822	0.5007894784212112
Cell83	CellType1	0.8442465087864548	0.21729159611277282
Cell84	CellType1	0.5843802804592997	0.3806628722231835
Cell85	CellType1	0.7019264660775661	0.9498420185409486
Cell86	CellType1	0.10980605334043503	0.1921778975520283
Cell87	CellType2	0.2892695260234177	0.4321963218972087
Cell88	CellType1	0.5773392950650305	0.5431553882081062
Cell89	CellType1	0.7587383713107556	0.2566712668631226
Cell90	CellType1	0.586399057880044	0.4634068545419723
Cell91	CellType1	0.7359384447336197	0.23950071982108057
Cell92	CellType1	0.4152005654759705	0.5505966893397272
Cell93	CellType1	0.6453951385337859	0.5746030178852379
Cell94	CellType1	0.5131056061945856	0.820840910077095
Cell95	CellType1	0.36074670497328043	0.9597709951922297
Cell96	CellType1	0.8933379985392094	0.8767037561628968
Cell97	CellType2	0.4799709068611264	0.41127716773189604
Cell98	CellType2	0.6509531347546726	0.7371269697323442
Cell99	CellType1	0.8102621731813997	0.46187324402853847
Cell100	CellType1	0.14154383330605924	0.6976542379707098
Cell101	CellType1	0.8696392579004169	0.5812422197777778
Cell102	CellType1	0.20632628560997546	0.4576916254591197
Cell103	CellType1	0.6171069166157395	0.5252806665375829
Cell104	CellType1	0.013799550011754036	0.26531356293708086
Cell105	CellType1	0.20986929046921432	0.2291453385259956
Cell106	CellType1	0.7273498715367168	0.6268403006251901
Cell107	CellType1	0.7745192113798112	0.8384949723258615
Cell108	CellType2	0.3716748480219394	0.18965839827433228
Cell109	CellType1	0.5595756198745221	0.10925043257884681
Cell110	CellType2	0.6340099889785051	0.38559125969186425
Cell111	CellType1	0.8723085208330303	0.1635232213884592
Cell112	CellType2	0.5904220510274172	0.8740093684755266
Cell113	CellType2	0.05464129755273461	0.3389130886644125
Cell114	CellType2	0.2571950207930058	0.48192672803997993
Cell115	CellType2	0.22838979703374207	0.3903369528707117
Cell116	CellType1	0.4606185406446457	0.28731481451541185
Cell117	CellType1	0.7028642874211073	0.8540812816936523
Cell118	CellType1	0.8299868539907038	0.2734581530094147
Cell119	CellType1	0.08803820470348	0.26662288745865226
Cell120	CellType2	0.3276750757358968	0.7178306132555008
Cell121	CellType1	0.9970083131920546	0.4292861658614129
Cell122	CellType2	0.6206275562290102	0.8516566755715758
Cell123	CellType1	0.1971633720677346	0.3697990144137293
Cell124	CellType1	0.5198272506240755	0.6837351524736732
Cell125	CellType2	0.6726385354995728	0.9456301692407578
Cell126	CellType1	0.015468626283109188	0.8418053311761469
Cell127	CellType1	0.04199642641469836	0.9263062702957541
Cell128	CellType1	0.08655679947696626	0.7368538591545075
Cell129	CellType2	0.9862747597508132	0.1449366374872625
Cell130	CellType1	0.15400330838747323	0.4531948564108461
Cell131	CellType1	0.7660240328405052	0.6687681991606951
Cell132	CellType1	0.8624800499528646	0.4641755891498178
Cell133	CellType2	0.30365847516804934	0.09728093887679279
Cell134	CellType1	0.20888465433381498	0.3247494383249432
Cell135	CellType1	0.6030045319348574	0.20353142893873155
Cell136	CellType2	0.3122452958486974	0.9349226811900735
Cell137	CellType1	0.23870414425618947	0.2804142851382494
Cell138	CellType2	0.7925037287641317	0.13677465450018644
Cell139	CellType1	0.04276636755093932	0.19841345795430243
Cell140	CellType1	0.676542448811233	0.7143861136864871
Cell141	CellType1	0.13797580543905497	0.5904074828140438
Cell142	CellType1	0.24055773043073714	0.6430573919788003
Cell143	CellType1	0.1810372502077371	0.3770698010921478
Cell144	CellType1	0.006677368190139532	0.36206227261573076
Cell145	CellType1	0.8731367855798453	0.6202746194321662
Cell146	CellType1	0.7952589415945113	0.7577093623112887
Cell147	CellType2	0.6794669714290649	0.8905835717450827
Cell148	CellType1	0.003324434394016862	0.4021920715458691
Cell149	CellType1	0.35554658668115735	0.8792212943080813
Cell150	CellType1	0.7883513534907252	0.7310906779021025
Cell151	CellType1	0.3988758691120893	0.01916591264307499
Cell152	CellType1	0.5386801196727902	0.5513987324666232
Cell153	CellType2	0.8581995889544487	0.3995887520723045
Cell154	CellType2	0.5729841708671302	0.4962909226305783
Cell155	CellType2	0.15764032653532922	0.6831040498800576
Cell156	CellType1	0.5155255012214184	0.6372497314587235
Cell157	CellType1	0.7255480084568262	0.8779572858475149
Cell158	CellType1	0.7848919411189854	0.8061631019227207
Cell159	CellType2	0.17505771364085376	0.28416407480835915
Cell160	CellType2	0.9905871662776917	0.5357684202026576
Cell161	CellType2	0.7632061310578138	0.5508574254345149
Cell162	CellType2	0.6444196063093841	0.20245360676199198
Cell163	CellType2	0.8956123641692102	0.948666435200721
Cell164	CellType1	0.9615833056159317	0.15114200487732887
Cell165	CellType1	0.3309192715678364	0.5788662289269269
Cell166	CellType1	0.8426660464610904	0.20723161683417857
Cell167	CellType1	0.676103264093399	0.9696657001040876
Cell168	CellType1	0.42815633839927614	0.7555026831105351
Cell169	CellType2	0.013707524631172419	0.013319914229214191
Cell170	CellType1	0.21664241305552423	0.653495587175712
Cell171	CellType1	0.6269724334124476	0.9790180453564972
Cell172	CellType1	0.5545132914558053	0.16183151840232313
Cell173	CellType1	0.6233911872841418	0.008774805348366499
Cell174	CellType1	0.9061846854165196	0.329196555307135
Cell175	CellType1	0.664812492672354	0.8714102390222251
Cell176	CellType2	0.3641622483264655	0.4610967277549207
Cell177	CellType1	0.8880711663514376	0.8561596174258739
Cell178	CellType1	0.4864434818737209	0.9019953107926995
Cell179	CellType1	0.17015259410254657	0.3520071164239198
Cell180	CellType1	0.28501602984033525	0.9696170871611685
Cell181	CellType2	0.9191498111467808	0.3703220149036497
Cell182	CellType1	0.3350327191874385	0.9390389770269394
Cell183	CellType1	0.16835732222534716	0.6389104812406003
Cell184	CellType1	0.21861748630180955	0.6505172818433493
Cell185	CellType2	0.051028236746788025	0.5674511203542352
Cell186	CellType2	0.2542354632169008	0.9207229332532734
Cell187	CellType1	0.9863049273844808	0.5945397145114839
Cell188	CellType1	0.628736870829016	0.2261688644066453
Cell189	CellType2	0.7928752426523715	0.9055779976770282
Cell190	CellType1	0.024596044095233083	0.9472639027517289
Cell191	CellType2	0.7774098878726363	0.5906723977532238
Cell192	CellType1	0.9808065451215953	0.44473886280320585
Cell193	CellType2	0.7360506651457399	0.01949675614014268
Cell194	CellType1	0.5281606805510819	0.16268907650373876
Cell195	CellType1	0.41733666812069714	0.6613953155465424
Cell196	CellType1	0.7250053870957345	0.014071239158511162
Cell197	CellType1	0.8434354085475206	0.3734496319666505
Cell198	CellType2	0.6654999798629433	0.7745795496739447
Cell199	CellType2	0.9244942355435342	0.8003616002388299
Cell200	CellType1	0.6821427275426686	0.10232735984027386
Cell201	CellType1	0.059180625481531024	0.19080367241986096
Cell202	CellType1	0.640326514840126	0.28084980323910713
Cell203	CellType1	0.1265138229355216	0.40107320970855653
Cell204	CellType1	0.9066649486776441	0.5450254227034748
Cell205	CellType2	0.23496388597413898	0.062038521748036146
Cell206	CellType1	0.2601452530361712	0.7474629106000066
Cell207	CellType2	0.7004973983857781	0.06896631768904626
Cell208	CellType1	0.9748460983391851	0.76972033130005
Cell209	CellType1	0.0095354113727808	0.04051523469388485
Cell210	CellType1	0.5900289630517364	0.3439084878191352
Cell211	CellType1	0.4374531926587224	0.5096676927059889
Cell212	CellType1	0.33675648202188313	0.4367891871370375
Cell213	CellType2	0.07341070217080414	0.0030569068621844053
Cell214	CellType1	0.9134450242854655	0.26977436686865985
Cell215	CellType1	0.36497512995265424	0.8951714185532182
Cell216	CellType2	0.5779355759732425	0.6155020059086382
Cell217	CellType1	0.05402823002077639	0.2576455222442746
Cell218	CellType1	0.13959180028177798	0.54909364040941
Cell219	CellType1	0.8790904553607106	0.5058521702885628
Cell220	CellType1	0.005487441783770919	0.7794124206993729
Cell221	CellType1	0.3912605564109981	0.8845612574368715
Cell222	CellType1	0.4798943174537271	0.2010878948494792
Cell223	CellType1	0.4228116103913635	0.6183762724976987
Cell224	CellType2	0.8363075768575072	0.06658986862748861
Cell225	CellType1	0.932162903714925	0.6633738989476115
Cell226	CellType2	0.12654629908502102	0.95753561751917
Cell227	CellType1	0.19357019988819957	0.26218938874080777
Cell228	CellType1	0.004857265157625079	0.07713386393152177
Cell229	CellType1	0.0609846159350127	0.09778809151612222
Cell230	CellType1	0.8394590127281845	0.471339994110167
Cell231	CellType1	0.26783804944716394	0.7394248491618782
Cell232	CellType1	0.3220580010674894	0.06787215801887214
Cell233	CellType2	0.2569677873980254	0.41956525365822017
Cell234	CellType1	0.05563774472102523	0.5934682295192033
Cell235	CellType1	0.6369644599035382	0.4999846462160349
Cell236	CellType2	0.4951918195001781	0.3679074109531939
Cell237	CellType1	0.37608403735794127	0.20480088843032718
Cell238	CellType1	0.2611049059778452	0.10442120721563697
Cell239	CellType1	0.0790938432328403	0.28886300162412226
Cell240	CellType1	0.28387514129281044	0.10436202003620565
Cell241	CellType1	0.4270145590417087	0.010969353374093771
Cell242	CellType1	0.0488724485039711	0.26280347257852554
Cell243	CellType1	0.7245949218049645	0.04922959906980395
Cell244	CellType1	0.9093990724068135	0.5787340346723795
Cell245	CellType1	0.08956799563020468	0.0580622146371752
Cell246	CellType2	0.3273576055653393	0.39790310454554856
Cell247	CellType1	0.8415805869735777	0.4284565174020827
Cell248	CellType2	0.6899564207997173	0.17499924427829683
Cell249	CellType1	0.7603814359754324	0.14312150422483683
Cell250	CellType1	0.9182640926446766	0.449481837451458
Cell251	CellType1	0.9332550291437656	0.6513954163528979
Cell252	CellType2	0.10170620423741639	0.16841385792940855
Cell253	CellType1	0.3715091689955443	0.5140532662626356
Cell254	CellType1	0.40347914351150393	0.23302757274359465
Cell255	CellType1	0.6637095138430595	0.309081865940243
Cell256	CellType1	0.8439242641907185	0.05775946192443371
Cell257	CellType1	0.19127906183712184	0.054199414094910026
Cell258	CellType1	0.044367520371451974	0.3156155804172158
Cell259	CellType1	0.39874214539304376	0.25113179557956755
Cell260	CellType1	0.8799261196982116	0.137549715815112
Cell261	CellType1	0.14597074664197862	0.8139980135019869
Cell262	CellType2	0.7138208604883403	0.7104588102083653
Cell263	CellType1	0.8589199353009462	0.6832475245464593
Cell264	CellType1	0.12643013219349086	0.9840835782233626
Cell265	CellType1	0.07377217756584287	0.3775706300511956
Cell266	CellType1	0.008163386257365346	0.8157817495521158
Cell267	CellType1	0.7306195192504674	0.012404660461470485
Cell268	CellType1	0.06400634348392487	0.3330146549269557
Cell269	CellType1	0.24709946755319834	0.31341242464259267
Cell270	CellType1	0.49870937992818654	0.7754150945693254
Cell271	CellType2	0.1473329176660627	0.0017262091860175133
Cell272	CellType1	0.47981112194247544	0.7730483876075596
Cell273	CellType2	0.9279809843283147	0.9619554090313613
Cell274	CellType2	0.009130340069532394	0.8397653170395643
Cell275	CellType1	0.5425889405887574	0.5134467673487961
Cell276	CellType1	0.9560137651860714	0.9356448121834546
Cell277	CellType1	0.6305499919690192	0.8963574550580233
Cell278	CellType2	0.5596204344183207	0.332821853691712
Cell279	CellType1	0.5771114358212799	0.43094809725880623
Cell280	CellType2	0.08198477560654283	0.72818124876357615
Cell281	CellType1	0.7429860825650394	0.9810321701224893
Cell282	CellType2	0.13106933422386646	0.5393055630847812
Cell283	CellType1	0.9298827562015504	0.18442173395305872
Cell284	CellType1	0.7959660300984979	0.07816830696538091
Cell285	CellType2	0.5247290930710733	0.7989819275680929
Cell286	CellType1	0.3214911047834903	0.40808934159576893
Cell287	CellType1	0.8889401727356017	0.49563421099446714
Cell288	CellType1	0.9223969248123467	0.5372320325113833
Cell289	CellType2	0.009452922502532601	0.7664268161170185
Cell290	CellType1	0.1588657486718148	0.19936591479927301
Cell291	CellType1	0.7356905299238861	0.0925472246017307
Cell292	CellType1	0.6764326742850244	0.8217520567122847
Cell293	CellType1	0.6637969864532351	0.9873947913292795
Cell294	CellType2	0.8606929064262658	0.840142818633467
Cell295	CellType1	0.5717720882967114	0.6188402425032109
Cell296	CellType1	0.208460861351341	0.9432412558235228
Cell297	CellType1	0.550569151295349	0.30969573208130896
Cell298	CellType1	0.6365910726599395	0.9822838639374822
Cell299	CellType1	0.3236108038108796	0.11776672559790313
Cell300	CellType2	0.23611470451578498	0.4070864499080926
Cell301	CellType1	0.2666172666940838	0.06358695146627724
Cell302	CellType2	0.9326786657329649	0.4977418384514749
Cell303	CellType1	0.8633834749925882	0.03465933445841074
Cell304	CellType2	0.6996058223303407	0.7432489143684506
Cell305	CellType2	0.42596487584523857	0.042940287850797176
Cell306	CellType1	0.6396405147388577	0.23275470663793385
Cell307	CellType1	0.8812941089272499	0.5158386467956007
Cell308	CellType1	0.6417982361745089	0.9555519402492791
Cell309	CellType1	0.34940076014027	0.8689744644798338
Cell310	CellType1	0.14059643913060427	0.4536571076605469
Cell311	CellType1	0.1554151880554855	0.6382989573758096
Cell312	CellType1	0.6501525158528239	0.5281275908928365
Cell313	CellType2	0.9259901959449053	0.02667389251291752
Cell314	CellType2	0.9625686861108989	0.23392660613171756
Cell315	CellType2	0.46077155927196145	0.5341687016189098
Cell316	CellType1	0.38314148341305554	0.9188317628577352
Cell317	CellType1	0.8882512832060456	0.9332015980035067
Cell318	CellType2	0.8790213414467871	0.3741013421677053
Cell319	CellType1	0.10897389496676624	0.8448726921342313
Cell320	CellType2	0.2142251271288842	0.5467377693857998
Cell321	CellType2	0.6397976775187999	0.9674018174409866
Cell322	CellType1	0.026085739256814122	0.6629211951512843
Cell323	CellType1	0.3761150976642966	0.6626047473400831
Cell324	CellType1	0.2207063769455999	0.9502551625482738
Cell325	CellType1	0.9746524745132774	5.020492244511843e-4
Cell326	CellType2	0.02885923394933343	0.9050272386521101
Cell327	CellType2	0.9045107623096555	0.7396877517458051
Cell328	CellType2	0.2465220878366381	0.8164673408027738
Cell329	CellType1	0.7123574176803231	0.5843730403576046
Cell330	CellType1	0.2198343980126083	0.35518508800305426
Cell331	CellType1	0.30610873526893556	0.04287197533994913
Cell332	CellType2	0.37661591195501387	0.6025021197274327
Cell333	CellType1	0.8373194900341332	0.447708782274276
Cell334	CellType1	0.10048391367308795	0.9164038768503815
Cell335	CellType1	0.7647595566231757	0.25083021610043943
Cell336	CellType1	0.9413186579477042	0.5920939100906253
Cell337	CellType2	0.07398403179831803	0.3287147516384721
Cell338	CellType1	0.38476223475299776	0.31940714409574866
Cell339	CellType1	0.8825776209123433	0.6812763048801571
Cell340	CellType1	0.2657892026472837	0.9454490023199469
Cell341	CellType2	0.8042791909538209	0.27697086706757545
Cell342	CellType2	0.48481538565829396	0.7784613505937159
Cell343	CellType1	0.42560677020810544	0.2572277116123587
Cell344	CellType2	0.9310924708843231	0.8438245547004044
Cell345	CellType2	0.9896106456872076	0.07259078626520932
Cell346	CellType1	0.7050898869056255	0.713306468212977
Cell347	CellType2	0.8296665698289871	0.5683931084349751
Cell348	CellType2	0.6846316859591752	0.13697722787037492
Cell349	CellType1	0.30365052074193954	0.7091713398694992
Cell350	CellType1	0.06789989699609578	0.424163289135322
Cell351	CellType1	0.8241096313577145	0.7162448472809047
Cell352	CellType1	0.5639097809325904	0.4562566753011197
Cell353	CellType1	0.6588396697770804	0.8828154450748116
Cell354	CellType1	0.08553199609741569	0.972804345190525
Cell355	CellType1	0.430561188608408	0.00900691607967019
Cell356	CellType1	0.9214900129009038	0.3908829977735877
Cell357	CellType1	5.528540350496769e-4	0.5132520380429924
Cell358	CellType1	0.8605299536138773	0.256273087579757
Cell359	CellType1	0.3330187015235424	0.09105316386558115
Cell360	CellType2	0.6703621908091009	0.08446170249953866
Cell361	CellType1	0.5096892297733575	0.7286667868029326
Cell362	CellType1	0.7171214553527534	0.2278382747899741
Cell363	CellType2	0.7652813822496682	0.5318912700749934
Cell364	CellType1	0.18511180626228452	0.5147362577263266
Cell365	CellType1	0.6378178100567311	0.14259612024761736
Cell366	CellType1	0.230183323379606	0.2954519474878907
Cell367	CellType1	0.5896892820019275	0.35288109071552753
Cell368	CellType1	0.9427054598927498	0.9392813807353377
Cell369	CellType1	0.9348869051318616	0.9196737881284207
Cell370	CellType1	0.10351113090291619	0.30043269810266793
Cell371	CellType1	0.47890922939404845	0.29410150623880327
Cell372	CellType1	0.5963961663655937	0.24327044375240803
Cell373	CellType2	0.14555700030177832	0.04227083339355886
Cell374	CellType1	0.30017230985686183	0.15476799639873207
Cell375	CellType1	0.3072967773769051	0.8619660073891282
Cell376	CellType1	0.4864700569305569	0.8103998249862343
Cell377	CellType1	0.4269012468867004	0.8789519395213574
Cell378	CellType1	0.7924934129696339	0.8297489862889051
Cell379	CellType1	0.28275216394104064	0.2718734520021826
Cell380	CellType1	0.6635052112396806	0.08237602189183235
Cell381	CellType2	0.031117544742301106	0.9509487238246948
Cell382	CellType2	0.9754605703055859	0.10085263662040234
Cell383	CellType1	0.7242312689777464	0.43404677184298635
Cell384	CellType2	0.8089365558698773	0.8204767352435738
Cell385	CellType2	0.7856831206008792	0.10132834152318537
Cell386	CellType1	0.48362205154262483	0.959718082100153
Cell387	CellType2	0.23081745416857302	0.3797867714893073
Cell388	CellType2	0.0072470842860639095	0.2113231320399791
Cell389	CellType1	0.6686628216411918	0.6003837154712528
Cell390	CellType2	0.46851664688438177	0.04912330093793571
Cell391	CellType2	0.3761257466394454	0.713102457113564
Cell392	CellType1	0.7654618266969919	0.5496533315163106
Cell393	CellType1	0.38384921848773956	0.6499326021876186
Cell394	CellType1	0.38133921450935304	0.9133694674819708
Cell395	CellType2	0.7271176462527364	0.8918040138669312
Cell396	CellType2	0.9196317503228784	0.2192297442816198
Cell397	CellType2	0.6620684429071844	0.5913161910139024
Cell398	CellType2	0.6157678773161024	0.11660589836537838
Cell399	CellType1	0.27973104850389063	0.6973434358369559
Cell400	CellType1	0.46263897605240345	0.9214931102469563
Cell401	CellType2	0.23211668501608074	0.8474550005048513
Cell402	CellType1	0.15454482147470117	0.32068101153708994
Cell403	CellType1	0.7065428509376943	0.43395509012043476
Cell404	CellType1	0.028160433284938335	0.26660429569892585
Cell405	CellType2	0.15888039185665548	0.21430657128803432
Cell406	CellType1	0.09562036418356001	0.506460179341957
Cell407	CellType1	0.2406269577331841	0.3889133743941784
Cell408	CellType2	0.8874158698599786	0.420529319671914
Cell409	CellType1	0.9166847299784422	0.09120587818324566
Cell410	CellType1	0.8196003295015544	0.6778402007184923
Cell411	CellType1	0.5636792769655585	0.519818079425022
Cell412	CellType2	0.7457142572384328	0.8848285763524473
Cell413	CellType1	0.32859762478619814	0.6927981707267463
Cell414	CellType1	0.24490876425988972	0.18502600956708193
Cell415	CellType1	0.11941995727829635	0.14752031373791397
Cell416	CellType2	0.6487689740024507	0.050818439573049545
Cell417	CellType1	0.7634087123442441	0.19229491287842393
Cell418	CellType1	0.32945351023226976	0.893173189368099
Cell419	CellType2	0.2898594974540174	0.1338405143469572
Cell420	CellType1	0.9148256690241396	0.9845003844238818
Cell421	CellType1	0.5385897818487138	0.48386879335157573
Cell422	CellType1	0.8622120490763336	0.36973439948633313
Cell423	CellType1	0.8830012283287942	0.9216963539365679
Cell424	CellType1	0.41775633534416556	0.8263138837646693
Cell425	CellType1	0.4131242197472602	0.2634667884558439
Cell426	CellType1	0.09401565603911877	0.47074273438192904
Cell427	CellType1	0.8487645804416388	0.2648191696498543
Cell428	CellType2	0.9989793568383902	0.1213478425052017
Cell429	CellType1	0.12587791425175965	0.489897403633222
Cell430	CellType2	0.6321506744716316	0.4812089775223285
Cell431	CellType1	0.038958062417805195	0.16466201678849757
Cell432	CellType2	0.6954555388074368	0.8416161178611219
Cell433	CellType1	0.6282605861779302	0.8449404751881957
Cell434	CellType2	0.3620542630087584	0.7977059176191688
Cell435	CellType1	0.8830511441919953	0.3813613608945161
Cell436	CellType1	0.7441446706652641	0.662727796472609
Cell437	CellType1	0.2993230754509568	0.8709838930517435
Cell438	CellType1	0.6938997048418969	0.5680319876410067
Cell439	CellType1	0.39930979907512665	0.7387353957165033
Cell440	CellType1	0.7459492867346853	0.6819282702635974
Cell441	CellType1	0.8228055671788752	0.786681261844933
Cell442	CellType1	0.5720949505921453	0.5523451226763427
Cell443	CellType2	0.32469454826787114	0.06955179129727185
Cell444	CellType2	0.1461998331360519	0.3261865838430822
Cell445	CellType1	0.13130969228222966	0.04641246888786554
Cell446	CellType1	0.020097013795748353	0.7901014073286206
Cell447	CellType1	0.2044687452726066	0.5235141778830439
Cell448	CellType1	0.6959370621480048	0.6620230074040592
Cell449	CellType1	0.43132821656763554	0.3600578985642642
Cell450	CellType2	0.1306423330679536	0.9830560646951199
Cell451	CellType1	0.06071291374973953	0.36721076047979295
Cell452	CellType1	0.8647987472359091	0.5971323470585048
Cell453	CellType1	0.7906713976990432	0.45929978881031275
Cell454	CellType2	0.1988368141464889	0.570942934602499
Cell455	CellType2	0.7170141048263758	0.9452654677443206
Cell456	CellType1	0.05895041627809405	0.9077175799757242
Cell457	CellType1	0.8002824790310115	0.32211128738708794
Cell458	CellType1	0.4903946900740266	0.1013375238981098
Cell459	CellType1	0.9388920497149229	0.2684117623139173
Cell460	CellType2	0.7222246383316815	0.8329294503200799
Cell461	CellType1	0.8382928336504847	0.9481674479320645
Cell462	CellType1	0.7973745504859835	0.11280056368559599
Cell463	CellType1	0.9261913222726434	0.5884873000904918
Cell464	CellType1	0.6584050501696765	0.8532827184535563
Cell465	CellType1	0.3630742335226387	0.5957727103959769
Cell466	CellType1	0.5594707212876529	0.6995990390423685
Cell467	CellType1	0.8770708811935037	0.09765447466634214
Cell468	CellType1	0.4361300184391439	0.691498038591817
Cell469	CellType1	0.08848983771167696	0.7731442153453827
Cell470	CellType2	0.3519724269863218	0.039165681693702936
Cell471	CellType1	0.7302242093719542	0.8787287536542863
Cell472	CellType1	0.9597513913176954	0.12396807526238263
Cell473	CellType1	0.9513352205976844	0.762477119686082
Cell474	CellType2	0.4226979701779783	0.9756066591944546
Cell475	CellType1	0.9801770772319287	0.1251610480248928
Cell476	CellType2	0.33271015458740294	0.4954070346429944
Cell477	CellType1	0.614457500167191	0.9265229795128107
Cell478	CellType1	0.5711474912241101	0.048003762029111385
Cell479	CellType1	0.7777187030296773	0.38293428905308247
Cell480	CellType1	0.16408588783815503	0.4193901624530554
Cell481	CellType1	0.14037880464456975	0.9668663432821631
Cell482	CellType1	0.23721196316182613	0.36981542268767953
Cell483	CellType1	0.06254435027949512	0.6789413180667907
Cell484	CellType1	0.7269198251888156	0.9660355290398002
Cell485	CellType1	0.49507683888077736	0.6613971607293934
Cell486	CellType1	0.10150429024361074	0.5099626688752323
Cell487	CellType2	0.6152010147925466	0.9776610215194523
Cell488	CellType1	0.13647449994459748	0.9713957495987415
Cell489	CellType1	0.44731378252618015	0.8865406536497176
Cell490	CellType1	0.7827842505648732	0.6343743619509041
Cell491	CellType1	0.21116374363191426	0.6774894963018596
Cell492	CellType2	0.8940145503729582	0.12731938413344324
Cell493	CellType2	0.11081309779547155	0.21591512393206358
Cell494	CellType2	0.06830864027142525	0.6124675110913813
Cell495	CellType1	0.82671012962237	0.8163743475452065
Cell496	CellType2	0.7457816184032708	0.3307554628700018
Cell497	CellType1	0.8427873775362968	0.7789689130149782
Cell498	CellType1	0.7229684353806078	0.7744061045814306
Cell499	CellType1	0.4367800992913544	0.3039204040542245
Cell500	CellType1	0.4886372950859368	0.5812036506831646
Cell501	CellType1	0.953627739334479	0.4132624533958733
Cell502	CellType1	0.40387676539830863	0.37764465995132923
Cell503	CellType1	0.5061127571389079	0.39160301093943417
Cell504	CellType1	0.35607957327738404	0.9700596481561661
Cell505	CellType1	0.8357448258902878	0.05011170660145581
Cell506	CellType2	0.9681946511846036	0.12268592533655465
Cell507	CellType1	0.25098173622973263	0.7511985576711595
Cell508	CellType2	0.829410565784201	0.10579272406175733
Cell509	CellType1	0.7276649666018784	0.06829511816613376
Cell510	CellType2	0.7825022013857961	0.2286072075366974
Cell511	CellType2	0.7454220354557037	0.6351249595172703
Cell512	CellType1	0.4884375147521496	0.3747681549284607
Cell513	CellType1	0.6139691940043122	0.06098620314151049
Cell514	CellType2	0.7717855204828084	0.12142639025114477
Cell515	CellType2	0.8623528510797769	0.8305683438666165
Cell516	CellType1	0.7690170924179256	0.7722222812008113
Cell517	CellType1	0.44693774031475186	0.7945693151559681
Cell518	CellType1	0.7232923582196236	0.2459672694094479
Cell519	CellType2	0.022423949791118503	0.9694283800199628
Cell520	CellType1	0.19500323897227645	0.41290372889488935
Cell521	CellType1	0.36815824755467474	0.1178449452854693
Cell522	CellType1	0.29764646873809397	0.21263383398763835
Cell523	CellType1	0.7761540685314685	0.8301858103368431
Cell524	CellType2	0.033106708666309714	0.7430954638402909
Cell525	CellType1	0.030458009568974376	0.41471804468892515
Cell526	CellType1	0.09442348894663155	0.8428859985433519
Cell527	CellType2	0.043162176152691245	0.5854899135883898
Cell528	CellType1	0.9962223852053285	0.559442987665534
Cell529	CellType1	0.5090928738936782	0.3393768791574985
Cell530	CellType1	0.5835355699528009	0.7972414151299745
Cell531	CellType2	0.548003529664129	0.6609459847677499
Cell532	CellType1	0.37601426732726395	0.28651562915183604
Cell533	CellType1	0.8885876073036343	0.13320997706614435
Cell534	CellType1	0.6223613449838012	0.3589576054364443
Cell535	CellType1	0.47549466392956674	0.1834936102386564
Cell536	CellType2	0.050447877030819654	0.6640163618139923
Cell537	CellType1	0.6942620009649545	0.794064904563129
Cell538	CellType1	0.17624664609320462	0.7280057973694056
Cell539	CellType1	0.6076822904869914	0.0019499375484883785
Cell540	CellType1	0.9858508263714612	0.06333314115181565
Cell541	CellType1	0.7717126132920384	0.3925138290505856
Cell542	CellType2	0.5569497086107731	0.8745054276660085
Cell543	CellType1	0.8202066330704838	0.3285102641675621
Cell544	CellType2	0.5566132473759353	0.2684423297178
Cell545	CellType2	0.09115060279145837	0.7723206363152713
Cell546	CellType1	0.8835438711103052	0.4069117750041187
Cell547	CellType2	0.24714690656401217	0.6666281307116151
Cell548	CellType1	0.047562005231156945	0.49079683097079396
Cell549	CellType1	0.8208660560194403	0.08782706712372601
Cell550	CellType2	0.8103726401459426	0.10469552385620773
Cell551	CellType1	0.015117735601961613	0.9309469007421285
Cell552	CellType2	0.6374754495918751	0.7698825958650559
Cell553	CellType2	0.00510161928832531	0.8544538072310388
Cell554	CellType1	0.08947408897802234	0.4198100510984659
Cell555	CellType1	0.5541741515044123	0.9247453908901662
Cell556	CellType1	0.16329805669374764	0.5272432847414166
Cell557	CellType1	0.5133768203668296	0.16530154854990542
Cell558	CellType1	0.10082096001133323	0.336770341033116
Cell559	CellType1	0.36413635686039925	0.9715851035434753
Cell560	CellType1	0.30116132041439414	0.6854573795571923
Cell561	CellType1	0.8018601881340146	0.8860183630604297
Cell562	CellType1	0.7511333606671542	0.6541581177152693
Cell563	CellType1	0.8834209921769798	0.876322464318946
Cell564	CellType1	0.549513345118612	0.8460281828884035
Cell565	CellType1	0.8397762791719288	0.11310622585006058
Cell566	CellType1	0.03642330621369183	0.25518331164494157
Cell567	CellType2	0.4299079708289355	0.4728811790701002
Cell568	CellType1	0.9417047542519867	0.9029585798271
Cell569	CellType1	0.48918328690342605	0.5746708754450083
Cell570	CellType1	0.3467066951561719	0.5158351329155266
Cell571	CellType1	0.6198029757943004	0.0855765666346997
Cell572	CellType1	0.2926085749641061	0.06561020365916193
Cell573	CellType1	0.01674294308759272	0.4201653671916574
Cell574	CellType2	0.35208746301941574	0.24173819366842508
Cell575	CellType1	0.1576457149349153	0.7815684522502124
Cell576	CellType1	0.9370280241128057	0.7144964020699263
Cell577	CellType2	0.7872347310185432	0.6235824378672987
Cell578	CellType1	0.5361200126353651	0.13536618510261178
Cell579	CellType2	0.5975921552162617	0.5953250513412058
Cell580	CellType1	0.04987735557369888	0.030867907451465726
Cell581	CellType1	0.09634298924356699	0.926024355692789
Cell582	CellType1	0.5712429753039032	0.39602775615639985
Cell583	CellType1	0.9012972151394933	0.2252371704671532
Cell584	CellType1	0.9969468303024769	0.6942803179845214
Cell585	CellType1	0.6878554243594408	0.7861374146305025
Cell586	CellType2	0.8993276664987206	0.8319852377753705
Cell587	CellType2	0.2734694415703416	0.8571561058051884
Cell588	CellType1	0.3267104895785451	0.06325023924000561
Cell589	CellType1	0.5045047763269395	0.09558586054481566
Cell590	CellType1	0.2483181704301387	0.7437792592681944
Cell591	CellType1	0.5266421681735665	0.023257611319422722
Cell592	CellType1	0.6257067534606904	0.29446862847544253
Cell593	CellType2	0.3829014697112143	0.8316169988829643
Cell594	CellType1	0.4792746633756906	0.18115960550494492
Cell595	CellType2	0.4274644390679896	0.40101688308641315
Cell596	CellType1	0.43359631346538663	0.29891462507657707
Cell597	CellType1	0.44105689018033445	0.9916943763382733
Cell598	CellType2	0.023964698892086744	0.4492548678535968
Cell599	CellType1	0.7454030723311007	0.6249981054570526
Cell600	CellType1	0.7836621697060764	0.5051987634506077
Cell601	CellType1	0.8412611158564687	0.48901649890467525
Cell602	CellType2	0.5536533370614052	0.43768629361875355
Cell603	CellType1	0.7095633212011307	0.04173319088295102
Cell604	CellType1	0.7321572753135115	0.2011198760010302
Cell605	CellType2	0.9595845271833241	0.20914328284561634
Cell606	CellType1	0.405374662252143	0.6015519420616329
Cell607	CellType1	0.7325304136611521	0.08399365283548832
Cell608	CellType1	0.638480038382113	0.6049248587805778
Cell609	CellType1	0.6265099009033293	0.9978053877130151
Cell610	CellType2	0.6379269033204764	0.5814326833933592
Cell611	CellType2	0.7996706410776824	0.10033759544603527
Cell612	CellType2	0.43934832885861397	0.38250095467083156
Cell613	CellType1	0.4460246521048248	0.7328294913750142
Cell614	CellType1	0.5266159889288247	0.5619050054810941
Cell615	CellType2	0.7680091133806854	0.9101199838332832
Cell616	CellType1	0.8710046603810042	0.07008829805999994
Cell617	CellType2	0.9775276749860495	0.3730402940418571
Cell618	CellType1	0.3267855264712125	0.243324167560786
Cell619	CellType1	0.41757988231256604	0.5574011700227857
Cell620	CellType2	0.9713121210224926	0.059447793290019035
Cell621	CellType2	0.8495410671457648	0.13965897471643984
Cell622	CellType2	0.8479800294153392	0.17987306020222604
Cell623	CellType1	0.5099075816106051	0.49761540070176125
Cell624	CellType2	0.34905229485593736	0.36852927994914353
Cell625	CellType1	0.2272622340824455	0.35904759215191007
Cell626	CellType1	0.9537128717638552	0.9765040429774672
Cell627	CellType2	0.8715377543121576	0.22562145325355232
Cell628	CellType1	0.8811940052546561	0.5061408479232341
Cell629	CellType1	0.6769417198374867	0.7247386574745178
Cell630	CellType2	0.9621929312124848	0.4162900010123849
Cell631	CellType2	0.3756937519647181	0.20249586808495224
Cell632	CellType1	0.29728408344089985	0.2685307206120342
Cell633	CellType1	0.9609308552462608	0.06117014749906957
Cell634	CellType1	0.7144505337346345	0.20949620101600885
Cell635	CellType2	0.03168533090502024	0.7947432321961969
Cell636	CellType1	0.47110991925001144	0.3271156228147447
Cell637	CellType2	0.4749408427160233	0.5800408157519996
Cell638	CellType1	0.2990117114968598	0.8789139138534665
Cell639	CellType1	0.4174485267139971	0.05231092032045126
Cell640	CellType2	0.8320330670103431	0.8723090053535998
Cell641	CellType1	0.44795306702144444	0.24077154276892543
Cell642	CellType2	0.20716411201283336	0.3765451000072062
Cell643	CellType2	0.548242446500808	0.8026836691424251
Cell644	CellType2	0.7146759505849332	0.5358510981313884
Cell645	CellType2	0.9686798721086234	0.15925795026123524
Cell646	CellType1	0.11754403472878039	0.5919675189070404
Cell647	CellType1	0.018970244098454714	0.7807990859728307
Cell648	CellType1	0.34085426409728825	0.34183387481607497
Cell649	CellType1	0.850178841734305	0.3716544739436358
Cell650	CellType1	0.9163424156140536	0.44364615669474006
Cell651	CellType1	0.22352548060007393	0.07810165523551404
Cell652	CellType2	0.030148742720484734	0.5078462276142091
Cell653	CellType1	0.8269476280547678	0.6811083443462849
Cell654	CellType1	0.39368179137818515	0.8649427578784525
Cell655	CellType1	0.3272899591829628	0.006406887900084257
Cell656	CellType1	0.1125493727158755	0.5456754353363067
Cell657	CellType2	0.8055759326089174	0.258867799770087
Cell658	CellType1	0.366611240664497	0.7899794189725071
Cell659	CellType2	0.41218628897331655	0.4657394823152572
Cell660	CellType1	0.21111473650671542	0.9563057420309633
Cell661	CellType1	0.2707812942098826	0.59906275710091
Cell662	CellType1	0.726607324089855	0.3012841371819377
Cell663	CellType1	0.10968073271214962	0.6014120350591838
Cell664	CellType1	0.528204704169184	0.7664458206854761
Cell665	CellType1	0.15923562226817012	0.5456089496146888
Cell666	CellType1	0.15080232080072165	0.27965868497267365
Cell667	CellType1	0.3583455332554877	0.9169676913879812
Cell668	CellType1	0.817909408826381	0.027836288325488567
Cell669	CellType1	0.48390733962878585	0.9567935382947326
Cell670	CellType1	0.33860959857702255	0.08250346104614437
Cell671	CellType1	0.6964899331796914	0.9665201890747994
Cell672	CellType2	0.13642713939771056	0.49991367384791374
Cell673	CellType1	0.469609999563545	0.09487604163587093
Cell674	CellType2	0.5593529751058668	0.7999126955401152
Cell675	CellType1	0.8911040714010596	0.20998845854774117
Cell676	CellType1	0.10494129825383425	0.556066753808409
Cell677	CellType2	0.10751235601492226	0.1040726366918534
Cell678	CellType1	0.3957333667203784	0.712790674995631
Cell679	CellType1	0.7105100320186466	0.33781064790673554
Cell680	CellType1	0.42072348040528595	0.9774241256527603
Cell681	CellType2	0.8203413712326437	0.6199466208927333
Cell682	CellType1	0.07525022933259606	0.05452806339599192
Cell683	CellType1	0.6950671439990401	0.5741939025465399
Cell684	CellType2	0.6451750707346946	0.9546636508312076
Cell685	CellType2	0.4486641325056553	0.4085826592054218
Cell686	CellType1	0.5125631678383797	0.7878081845119596
Cell687	CellType1	0.3066495335660875	0.4382918458431959
Cell688	CellType1	0.5108814369887114	0.6992941643111408
Cell689	CellType2	0.07932729786261916	0.3379429455380887
Cell690	CellType1	0.9194658906199038	0.43995893304236233
Cell691	CellType1	0.06133551523089409	0.19471552385948598
Cell692	CellType1	0.8524353611283004	0.6765935881994665
Cell693	CellType1	0.7576053035445511	0.23158192657865584
Cell694	CellType2	0.042970995185896754	0.9366559470072389
Cell695	CellType1	0.3751946552656591	0.20353769115172327
Cell696	CellType2	0.032392184948548675	0.5987631364259869
Cell697	CellType2	0.06497555691748857	0.3060033607762307
Cell698	CellType1	0.04148825374431908	0.9375300123356283
Cell699	CellType1	0.6968560314271599	0.08157714735716581
Cell700	CellType2	0.4501669912133366	0.6780727892182767
Cell701	CellType2	0.7851212779060006	0.8911889605224133
Cell702	CellType1	0.5539988947566599	0.4254305474460125
Cell703	CellType1	0.015737974317744374	0.9744784366339445
Cell704	CellType2	0.18456794717349112	0.49602963821962476
Cell705	CellType1	0.9669849169440567	0.09528676234185696
Cell706	CellType1	0.1257756429258734	0.858028237009421
Cell707	CellType1	0.8916006570216268	0.8953551466111094
Cell708	CellType1	0.45593211567029357	0.09835588373243809
Cell709	CellType2	0.1027100752107799	0.5450815020594746
Cell710	CellType1	0.5313775374088436	0.5768456270452589
Cell711	CellType1	0.21063467394560575	0.5106722419150174
Cell712	CellType1	0.004266631091013551	0.6504294502083212
Cell713	CellType2	0.5825219468679279	0.5233076738659292
Cell714	CellType1	0.829579331446439	0.823407547082752
Cell715	CellType2	0.6422247912269086	0.676219696411863
Cell716	CellType1	0.966175329638645	0.0738557199947536
Cell717	CellType1	0.11691844440065324	0.5409048851579428
Cell718	CellType1	0.6358913471922278	0.35592830600216985
Cell719	CellType2	0.2620282389689237	0.1946419170126319
Cell720	CellType1	0.003813758259639144	0.7367696322035044
Cell721	CellType1	0.9989779184106737	0.5549192815087736
Cell722	CellType1	0.4265891679096967	0.08323120721615851
Cell723	CellType1	0.8257488224189728	0.809087771223858
Cell724	CellType1	0.2700855773873627	0.934995740884915
Cell725	CellType2	0.9178172138053924	0.4067514385096729
Cell726	CellType1	0.14949269709177315	0.17254892736673355
Cell727	CellType1	0.21376516949385405	0.11039679404348135
Cell728	CellType1	0.907268047798425	0.416382422670722
Cell729	CellType1	0.37918091425672174	0.049338388023898005
Cell730	CellType1	0.06426556059159338	0.8829213760327548
Cell731	CellType1	0.0882872159127146	0.7332610089797527
Cell732	CellType2	0.27400697371922433	0.8630215562880039
Cell733	CellType1	0.6414873595349491	0.4745164483319968
Cell734	CellType1	0.736969108460471	0.05025932868011296
Cell735	CellType1	0.47996199619956315	0.27650922909379005
Cell736	CellType1	0.025960682658478618	0.8579421381000429
Cell737	CellType2	0.9896061853505671	0.5892450409010053
Cell738	CellType2	0.4075040863826871	0.1966592229437083
Cell739	CellType1	0.37518052314408123	0.24321660725399852
Cell740	CellType1	0.40323120658285916	0.2671011844649911
Cell741	CellType1	0.5042703489307314	0.4671768054831773
Cell742	CellType1	0.17660534870810807	0.6520645604468882
Cell743	CellType1	0.1733048278838396	0.6125134835019708
Cell744	CellType2	0.3937625093385577	0.15380377369001508
Cell745	CellType1	0.5910869487561285	0.02073035668581724
Cell746	CellType1	0.7427951055578887	0.1648288646247238
Cell747	CellType1	0.21656378800980747	0.16247896943241358
Cell748	CellType1	0.3970909754280001	0.1513976096175611
Cell749	CellType1	0.1495304584968835	0.09314456232823431
Cell750	CellType1	0.4403599873185158	0.9259274208452553
Cell751	CellType1	0.4585073988419026	0.10798603412695229
Cell752	CellType1	0.5858792995568365	0.2640746277756989
Cell753	CellType2	0.18318265490233898	0.939728937111795
Cell754	CellType1	0.8551156094763428	0.09563635173253715
Cell755	CellType1	0.19420919520780444	0.8817150832619518
Cell756	CellType1	0.5600050415378064	0.02669228706508875
Cell757	CellType1	0.6948916297405958	0.7776663429103792
Cell758	CellType1	0.10626239678822458	0.21556334919296205
Cell759	CellType1	0.8618965882342309	0.3553994558751583
Cell760	CellType1	0.9830051274038851	0.23876142362132668
Cell761	CellType1	0.8075719194021076	0.8818980655632913
Cell762	CellType1	0.6411345219239593	0.16362674557603896
Cell763	CellType1	0.49793617660179734	0.11101576825603843
Cell764	CellType1	0.7871742905117571	0.9341930127702653
Cell765	CellType2	0.5362698070239276	0.02296837349422276
Cell766	CellType1	0.5734124684240669	0.9615738862194121
Cell767	CellType1	0.2243615046609193	0.0012347844894975424
Cell768	CellType1	0.6937208292074502	0.7714244704693556
Cell769	CellType1	0.6160592099186033	0.5899100257083774
Cell770	CellType1	0.2040644446387887	0.8258277312852442
Cell771	CellType1	0.8410310952458531	0.5145464402157813
Cell772	CellType2	0.11140876985155046	0.5514512020163238
Cell773	CellType1	0.1655523197259754	0.21473717386834323
Cell774	CellType1	0.8912224089726806	0.950035349233076
Cell775	CellType1	0.8411623069550842	0.6876352534163743
Cell776	CellType1	0.30585108627565205	0.7724763110745698
Cell777	CellType1	0.2579440495464951	0.5168970478698611
Cell778	CellType1	0.5265032136812806	0.9382931846193969
Cell779	CellType1	0.6664758687838912	0.38111315038986504
Cell780	CellType1	0.8330718018114567	0.4774050354026258
Cell781	CellType1	0.08250125776976347	0.8987075539771467
Cell782	CellType1	0.20451012486591935	0.5742852152325213
Cell783	CellType2	0.56794553832151	0.9250590573064983
Cell784	CellType2	0.7341167805716395	0.4070859085768461
Cell785	CellType2	0.9050206816755235	0.8513927422463894
Cell786	CellType1	0.29092501918785274	0.8436685944907367
Cell787	CellType2	0.46881599072366953	0.7246096536982805
Cell788	CellType1	0.2834512877743691	0.2696008193306625
Cell789	CellType2	0.0567376920953393	0.1583009425085038
Cell790	CellType1	0.26385504147037864	0.695273180026561
Cell791	CellType1	0.9485934870317578	0.40194089408032596
Cell792	CellType1	0.8995567930396646	0.3342937759589404
Cell793	CellType2	0.20556098013184965	0.48229055968113244
Cell794	CellType1	0.9059965894557536	0.14470712118782103
Cell795	CellType1	0.1634188590105623	0.5594542867038399
Cell796	CellType1	0.9164244804996997	0.3791189652401954
Cell797	CellType2	0.2691108251456171	0.8681980061810464
Cell798	CellType2	0.7204458257183433	0.7464613881893456
Cell799	CellType1	0.1597309224307537	0.0778809473849833
Cell800	CellType1	0.013828934635967016	0.3449137434363365
Cell801	CellType1	0.5781777102965862	0.08761020167730749
Cell802	CellType2	0.7191292191855609	0.1795321092940867
Cell803	CellType2	0.6304967431351542	0.4760595161933452
Cell804	CellType2	0.9735198654234409	0.49019219377078116
Cell805	CellType2	0.35901070619001985	0.07065805490128696
Cell806	CellType1	0.5686643456574529	0.5535352465230972
Cell807	CellType1	0.7945540437940508	0.8679399697575718
Cell808	CellType1	0.027753802482038736	0.34065336314961314
Cell809	CellType1	0.6721268177498132	0.43323396937921643
Cell810	CellType2	0.8793981673661619	0.2824177623260766
Cell811	CellType2	0.10042370902374387	0.003542722901329398
Cell812	CellType2	0.6688535078428686	0.453484553610906
Cell813	CellType1	0.7452504120301455	0.4057547617703676
Cell814	CellType1	0.28556478139944375	0.7308321243617684
Cell815	CellType1	0.09697257983498275	0.5837167636491358
Cell816	CellType1	0.09199998015537858	0.9556635406333953
Cell817	CellType1	0.46661593834869564	0.22027920722030103
Cell818	CellType1	0.3855110304430127	0.30504951695911586
Cell819	CellType2	0.392244252609089	0.10279061878100038
Cell820	CellType2	0.6918367792386562	0.2708455773536116
Cell821	CellType1	0.21218484872952104	0.5051965520251542
Cell822	CellType1	0.08016462065279484	0.19932342157699168
Cell823	CellType1	0.86995914648287	0.8895022803917527
Cell824	CellType1	0.41036295564845204	0.7629704338032752
Cell825	CellType2	0.5102928474079818	0.3158049189951271
Cell826	CellType1	0.7257022270932794	0.6699925109278411
Cell827	CellType1	0.697968672728166	0.8665670456830412
Cell828	CellType2	0.18407163163647056	0.5397064262069762
Cell829	CellType2	0.48197582364082336	0.9194233904127032
Cell830	CellType1	0.7774480441585183	0.9811119569931179
Cell831	CellType1	0.18826567381620407	0.10310377669520676
Cell832	CellType2	0.6001047177705914	0.37690481962636113
Cell833	CellType1	0.7194454185664654	0.806648833444342
Cell834	CellType1	0.6566325705498457	0.2198871448636055
Cell835	CellType1	0.21276808460243046	0.4570055592339486
Cell836	CellType1	0.5582922881003469	0.20727547723799944
Cell837	CellType2	0.8022126071155071	0.5970667265355587
Cell838	CellType2	0.04177841264754534	0.3285551716107875
Cell839	CellType1	0.992177007952705	0.9603871314320713
Cell840	CellType1	0.9451276080217212	0.3214433144312352
Cell841	CellType1	0.6342648272402585	0.8365791027899832
Cell842	CellType2	0.47761783841997385	0.12010266655124724
Cell843	CellType1	0.750081894453615	0.31474062241613865
Cell844	CellType1	0.981276175705716	0.5344772688113153
Cell845	CellType2	0.669021796900779	0.06669954233802855
Cell846	CellType1	0.3354204557836056	0.2735387897118926
Cell847	CellType1	0.8945236487779766	0.6417400988284498
Cell848	CellType2	0.4268349332269281	0.5839933592360467
Cell849	CellType2	0.10579917533323169	0.7011020141653717
Cell850	CellType1	0.8804437327198684	0.4176042138133198
Cell851	CellType2	0.1693879161030054	0.8875448566395789
Cell852	CellType2	0.9467940458562225	0.41564351110719144
Cell853	CellType1	0.5294629172421992	0.9235551084857434
Cell854	CellType2	0.24853709223680198	0.7386268363334239
Cell855	CellType2	0.47618352668359876	0.5852952031418681
Cell856	CellType1	0.3576709448825568	0.6664711125195026
Cell857	CellType1	0.12489333422854543	0.5665325245354325
Cell858	CellType1	0.3400661319028586	0.3102299883030355
Cell859	CellType1	0.03973262454383075	0.6702935656066984
Cell860	CellType2	0.7842950285412371	0.888874433003366
Cell861	CellType2	0.3185945637524128	0.8606948100496083
Cell862	CellType2	0.7130953054875135	0.18795836134813726
Cell863	CellType1	0.9500331801827997	0.5664743252564222
Cell864	CellType1	0.3018775419332087	0.5628115457948297
Cell865	CellType2	0.9875890640541911	0.3486186198424548
Cell866	CellType1	0.15664534620009363	0.037219343706965446
Cell867	CellType1	0.7981989486142993	0.1458998559974134
Cell868	CellType1	0.559314409038052	0.8912540948949754
Cell869	CellType1	0.052580997347831726	0.5054410924203694
Cell870	CellType1	0.47516574105247855	0.8028376128058881
Cell871	CellType1	0.7732566697522998	0.4939055962022394
Cell872	CellType1	0.8259087814949453	0.8329700119793415
Cell873	CellType1	0.2945352094247937	0.500167048536241
Cell874	CellType2	0.0796060566790402	0.6382645419798791
Cell875	CellType2	0.5509265037253499	0.34673036192543805
Cell876	CellType2	0.7021471851039678	0.2607865030877292
Cell877	CellType1	0.7509587383829057	0.27725937915965915
Cell878	CellType1	0.8379032551310956	0.8026342692319304
Cell879	CellType2	0.9515360102523118	0.8227699173148721
Cell880	CellType1	0.6708342577330768	0.47631871048361063
Cell881	CellType2	0.5534507774282247	0.4429593540262431
Cell882	CellType2	0.16429966152645648	0.8077262544538826
Cell883	CellType1	0.2408966338261962	0.940447045955807
Cell884	CellType2	0.10022820252925158	0.7859026549849659
Cell885	CellType1	0.7778470944613218	0.21682991064153612
Cell886	CellType1	0.8490840643644333	0.29951142938807607
Cell887	CellType2	0.7938246203120798	0.03259541094303131
Cell888	CellType2	0.9797172902617604	0.18886176124215126
Cell889	CellType1	0.8169608539901674	0.4364513454493135
Cell890	CellType2	0.11463107843883336	0.18493935582228005
Cell891	CellType1	0.8736448513809592	0.8191008998546749
Cell892	CellType1	0.6539044373203069	0.04394089640118182
Cell893	CellType2	0.6136150353122503	0.43900984758511186
Cell894	CellType2	0.15062028332613409	0.9247863865457475
Cell895	CellType1	0.17277298588305712	0.05718389758840203
Cell896	CellType1	0.19115774217061698	0.10629425616934896
Cell897	CellType2	0.5529896141961217	0.2800576000008732
Cell898	CellType1	0.7812034673988819	0.9305706396698952
Cell899	CellType1	0.03902308573015034	0.48442980484105647
Cell900	CellType2	0.15121615398675203	0.7662245472893119
Cell901	CellType1	0.8750936980359256	0.9039354489650577
Cell902	CellType1	0.14554116455838084	0.056422305293381214
Cell903	CellType1	0.693454859778285	0.8693454707972705
Cell904	CellType1	0.8392618100624532	0.24322441429831088
Cell905	CellType1	0.7588773411698639	0.7913505029864609
Cell906	CellType2	0.31582123902626336	0.9796767432708293
Cell907	CellType2	0.5639880583621562	0.6813160614110529
Cell908	CellType2	0.4022874063812196	0.3777825809083879
Cell909	CellType1	0.008396152406930923	0.207936966791749
Cell910	CellType1	0.4940857400652021	0.07760241208598018
Cell911	CellType1	0.2710347108077258	0.7913608641829342
Cell912	CellType1	0.2620546338148415	0.6444834934081882
Cell913	CellType2	0.8274978350382298	0.8884641975164413
Cell914	CellType2	0.7315364019013941	0.819232035195455
Cell915	CellType2	0.3921597572043538	0.7710169416386634
Cell916	CellType1	0.48152045882306993	0.7673998174723238
Cell917	CellType1	0.7987137867603451	0.8803110485896468
Cell918	CellType1	0.4899293719790876	0.31168699893169105
Cell919	CellType1	0.174218840431422	0.6194769227877259
Cell920	CellType1	0.7944410967174917	0.72471007774584
Cell921	CellType1	0.6018431668635458	0.8457920174114406
Cell922	CellType2	0.5597532468382269	0.9079869659617543
Cell923	CellType1	0.29183677886612713	0.9197763276752084
Cell924	CellType1	0.670328218024224	0.10526563785970211
Cell925	CellType1	0.2581189798656851	0.1664513738360256
Cell926	CellType1	0.07921329303644598	0.5266742038074881
Cell927	CellType2	0.4262868638616055	0.9356353506445885
Cell928	CellType1	0.4719272837974131	0.3599251713603735
Cell929	CellType1	0.956805492285639	0.7778250130359083
Cell930	CellType1	0.37390152574516833	0.1424389339517802
Cell931	CellType2	0.5683658083435148	0.7597105479799211
Cell932	CellType1	0.6659949594177306	0.0672829682007432
Cell933	CellType1	0.5880137130152434	0.5293148870114237
Cell934	CellType2	0.5585669616702944	0.12241336517035961
Cell935	CellType1	0.9442897890694439	0.1697856814134866
Cell936	CellType1	0.5355234830640256	0.3883161633275449
Cell937	CellType1	0.3867901486810297	0.10563337290659547
Cell938	CellType2	0.4566709341015667	0.1643328459467739
Cell939	CellType1	0.6976750155445188	0.6189396232366562
Cell940	CellType1	0.04137191642075777	0.06640810612589121
Cell941	CellType2	0.23481203033588827	0.44261772092431784
Cell942	CellType1	0.7790196663700044	0.6841586076188833
Cell943	CellType2	0.8018800155259669	0.8565687728114426
Cell944	CellType1	0.3748477927874774	0.36997380619868636
Cell945	CellType2	0.08899314026348293	0.4934893373865634
Cell946	CellType2	0.38860796787776053	0.64114584238268435
Cell947	CellType2	0.4777401862666011	0.35528655303642154
Cell948	CellType1	0.19768121163360775	0.8048447736073285
Cell949	CellType2	0.8702804767526686	0.9346530423499644
Cell950	CellType1	0.6135278940200806	0.2073606674093753
Cell951	CellType2	0.9096233935561031	0.39537271950393915
Cell952	CellType1	0.914718743879348	0.6953852365259081
Cell953	CellType1	0.4655458948109299	0.2500094207935035
Cell954	CellType1	0.4440866888035089	0.15612486493773758
Cell955	CellType1	0.008430068613961339	0.7490678473841399
Cell956	CellType1	0.6407727689947933	0.25166373583488166
Cell957	CellType1	0.9500407555606216	0.9336088646668941
Cell958	CellType1	0.07535891747102141	0.06365611939691007
Cell959	CellType1	0.26679286966100335	0.16431585745885968
Cell960	CellType2	0.17692403262481093	0.7861967838834971
Cell961	CellType1	0.7636759672313929	0.39234322984702885
Cell962	CellType2	0.29620403447188437	0.06111810216680169
Cell963	CellType1	0.04488209681585431	0.36492180707864463
Cell964	CellType1	0.8233534081373364	0.17866041138768196
Cell965	CellType2	0.32774301106110215	0.5130808795802295
Cell966	CellType2	0.5536517975851893	0.3199568947311491
Cell967	CellType1	0.9485612483695149	0.6297451090067625
Cell968	CellType2	0.48926206887699664	0.8358165773097426
Cell969	CellType1	0.634176773019135	0.7673258821014315
Cell970	CellType2	0.3221897140610963	0.352266683941707
Cell971	CellType1	0.6344092625658959	0.8524651874322444
Cell972	CellType1	0.06586014060303569	0.3023250694386661
Cell973	CellType2	0.8154030279256403	0.23280446440912783
Cell974	CellType1	0.660456974292174	0.9180502742528915
Cell975	CellType2	0.08616838604211807	0.494430813472718
Cell976	CellType2	0.8443168236408383	0.15011357539333403
Cell977	CellType1	0.5126750092022121	0.7845364103559405
Cell978	CellType1	0.3909216355532408	0.5859947856515646
Cell979	CellType1	0.6825618364382535	0.27609639684669673
Cell980	CellType1	0.30727383540943265	0.39598260167986155
Cell981	CellType1	0.8713591867126524	0.675919632660225
Cell982	CellType1	0.23851938545703888	0.9935334890615195
Cell983	CellType1	0.20914290426298976	0.9594365041702986
Cell984	CellType1	0.18370383442379534	0.5949380975216627
Cell985	CellType1	0.5926006422378123	0.0897152335382998
Cell986	CellType1	0.7584036961197853	0.9797014249488711
Cell987	CellType2	0.7473756154067814	0.7655313338618726
Cell988	CellType1	0.9892473134677857	0.3854475412517786
Cell989	CellType2	0.9998986918944865	0.47121071605943143
Cell990	CellType1	0.046908434480428696	0.12890073959715664
Cell991	CellType2	0.9440676949452609	0.15836908388882875
Cell992	CellType1	0.8675602267030627	0.23213364160619676
Cell993	CellType2	0.00887994235381484	0.6038452878128737
Cell994	CellType1	0.4536049759481102	0.4271074179559946
Cell995	CellType1	0.5068724055308849	0.48027342348359525
Cell996	CellType1	0.37502130796201527	0.6118355942890048
Cell997	CellType1	0.5757693569175899	0.15297358203679323
Cell998	CellType1	0.5505389922764152	0.1628221662249416
Cell999	CellType1	0.7933677202090621	0.507928773527965
Cell1000	CellType1	0.45633358997292817	0.29541677236557007
