spot.idx	Spot	col	row	x	y	Astrocyte	ExcitatoryNeuron	Oligodendrocyte	Endothelial	Microglia	Interneuron
1	Spot1	1	1	443.266	1165.226	NA	NA	NA	NA	NA	NA
2	Spot2	2	1	774.807	1165.226	NA	NA	NA	NA	NA	NA
3	Spot3	3	1	1106.348	1165.226	NA	NA	NA	NA	NA	NA
4	Spot4	4	1	1437.888	1165.226	NA	NA	NA	NA	NA	NA
5	Spot5	5	1	1769.429	1165.226	NA	NA	NA	NA	NA	NA
6	Spot6	6	1	2100.97	1165.226	NA	NA	NA	NA	NA	NA
7	Spot7	7	1	2432.511	1165.226	NA	NA	NA	NA	NA	NA
8	Spot8	8	1	2764.052	1165.226	NA	NA	NA	NA	NA	NA
9	Spot9	9	1	3095.592	1165.226	NA	NA	NA	NA	NA	NA
10	Spot10	10	1	3427.133	1165.226	NA	NA	NA	NA	NA	NA
11	Spot11	11	1	3758.674	1165.226	NA	NA	NA	NA	NA	NA
12	Spot12	12	1	4090.215	1165.226	NA	NA	NA	NA	NA	NA
13	Spot13	13	1	4421.756	1165.226	NA	NA	NA	NA	NA	NA
14	Spot14	14	1	4753.297	1165.226	NA	NA	NA	NA	NA	NA
15	Spot15	15	1	5084.837	1165.226	NA	NA	NA	NA	NA	NA
16	Spot16	16	1	5416.378	1165.226	NA	NA	NA	NA	NA	NA
17	Spot17	17	1	5747.919	1165.226	NA	NA	NA	NA	NA	NA
18	Spot18	18	1	6079.46	1165.226	1	7	0	0	0	0
19	Spot19	19	1	6411.001	1165.226	0	8	0	0	0	0
20	Spot20	20	1	6742.541	1165.226	2	6	1	0	0	0
21	Spot21	21	1	7074.082	1165.226	1	1	0	0	0	0
22	Spot22	22	1	7405.623	1165.226	NA	NA	NA	NA	NA	NA
23	Spot23	1	2	443.266	1019.244	NA	NA	NA	NA	NA	NA
24	Spot24	2	2	774.807	1019.244	NA	NA	NA	NA	NA	NA
25	Spot25	3	2	1106.348	1019.244	NA	NA	NA	NA	NA	NA
26	Spot26	4	2	1437.888	1019.244	NA	NA	NA	NA	NA	NA
27	Spot27	5	2	1769.429	1019.244	NA	NA	NA	NA	NA	NA
28	Spot28	6	2	2100.97	1019.244	NA	NA	NA	NA	NA	NA
29	Spot29	7	2	2432.511	1019.244	NA	NA	NA	NA	NA	NA
30	Spot30	8	2	2764.052	1019.244	NA	NA	NA	NA	NA	NA
31	Spot31	9	2	3095.592	1019.244	NA	NA	NA	NA	NA	NA
32	Spot32	10	2	3427.133	1019.244	NA	NA	NA	NA	NA	NA
33	Spot33	11	2	3758.674	1019.244	NA	NA	NA	NA	NA	NA
34	Spot34	12	2	4090.215	1019.244	NA	NA	NA	NA	NA	NA
35	Spot35	13	2	4421.756	1019.244	NA	NA	NA	NA	NA	NA
36	Spot36	14	2	4753.297	1019.244	NA	NA	NA	NA	NA	NA
37	Spot37	15	2	5084.837	1019.244	NA	NA	NA	NA	NA	NA
38	Spot38	16	2	5416.378	1019.244	NA	NA	NA	NA	NA	NA
39	Spot39	17	2	5747.919	1019.244	NA	NA	NA	NA	NA	NA
40	Spot40	18	2	6079.46	1019.244	0	7	0	0	0	0
41	Spot41	19	2	6411.001	1019.244	1	5	0	0	0	0
42	Spot42	20	2	6742.541	1019.244	0	2	2	1	0	0
43	Spot43	21	2	7074.082	1019.244	4	4	1	0	2	0
44	Spot44	22	2	7405.623	1019.244	1	2	1	0	0	0
45	Spot45	1	3	443.266	873.262	NA	NA	NA	NA	NA	NA
46	Spot46	2	3	774.807	873.262	NA	NA	NA	NA	NA	NA
47	Spot47	3	3	1106.348	873.262	NA	NA	NA	NA	NA	NA
48	Spot48	4	3	1437.888	873.262	NA	NA	NA	NA	NA	NA
49	Spot49	5	3	1769.429	873.262	NA	NA	NA	NA	NA	NA
50	Spot50	6	3	2100.97	873.262	NA	NA	NA	NA	NA	NA
51	Spot51	7	3	2432.511	873.262	NA	NA	NA	NA	NA	NA
52	Spot52	8	3	2764.052	873.262	NA	NA	NA	NA	NA	NA
53	Spot53	9	3	3095.592	873.262	NA	NA	NA	NA	NA	NA
54	Spot54	10	3	3427.133	873.262	NA	NA	NA	NA	NA	NA
55	Spot55	11	3	3758.674	873.262	NA	NA	NA	NA	NA	NA
56	Spot56	12	3	4090.215	873.262	NA	NA	NA	NA	NA	NA
57	Spot57	13	3	4421.756	873.262	NA	NA	NA	NA	NA	NA
58	Spot58	14	3	4753.297	873.262	NA	NA	NA	NA	NA	NA
59	Spot59	15	3	5084.837	873.262	NA	NA	NA	NA	NA	NA
60	Spot60	16	3	5416.378	873.262	NA	NA	NA	NA	NA	NA
61	Spot61	17	3	5747.919	873.262	NA	NA	NA	NA	NA	NA
62	Spot62	18	3	6079.46	873.262	0	8	0	0	0	0
63	Spot63	19	3	6411.001	873.262	0	5	1	1	0	0
64	Spot64	20	3	6742.541	873.262	0	4	0	0	1	0
65	Spot65	21	3	7074.082	873.262	1	1	1	2	0	0
66	Spot66	22	3	7405.623	873.262	0	5	4	0	0	0
67	Spot67	1	4	443.266	727.28	NA	NA	NA	NA	NA	NA
68	Spot68	2	4	774.807	727.28	NA	NA	NA	NA	NA	NA
69	Spot69	3	4	1106.348	727.28	NA	NA	NA	NA	NA	NA
70	Spot70	4	4	1437.888	727.28	NA	NA	NA	NA	NA	NA
71	Spot71	5	4	1769.429	727.28	NA	NA	NA	NA	NA	NA
72	Spot72	6	4	2100.97	727.28	NA	NA	NA	NA	NA	NA
73	Spot73	7	4	2432.511	727.28	NA	NA	NA	NA	NA	NA
74	Spot74	8	4	2764.052	727.28	NA	NA	NA	NA	NA	NA
75	Spot75	9	4	3095.592	727.28	NA	NA	NA	NA	NA	NA
76	Spot76	10	4	3427.133	727.28	NA	NA	NA	NA	NA	NA
77	Spot77	11	4	3758.674	727.28	NA	NA	NA	NA	NA	NA
78	Spot78	12	4	4090.215	727.28	NA	NA	NA	NA	NA	NA
79	Spot79	13	4	4421.756	727.28	NA	NA	NA	NA	NA	NA
80	Spot80	14	4	4753.297	727.28	NA	NA	NA	NA	NA	NA
81	Spot81	15	4	5084.837	727.28	NA	NA	NA	NA	NA	NA
82	Spot82	16	4	5416.378	727.28	NA	NA	NA	NA	NA	NA
83	Spot83	17	4	5747.919	727.28	0	1	0	0	0	0
84	Spot84	18	4	6079.46	727.28	0	6	0	0	0	0
85	Spot85	19	4	6411.001	727.28	0	5	0	1	0	0
86	Spot86	20	4	6742.541	727.28	0	8	0	0	0	0
87	Spot87	21	4	7074.082	727.28	0	3	1	3	0	0
88	Spot88	22	4	7405.623	727.28	0	1	3	0	1	0
89	Spot89	1	5	443.266	581.299	NA	NA	NA	NA	NA	NA
90	Spot90	2	5	774.807	581.299	NA	NA	NA	NA	NA	NA
91	Spot91	3	5	1106.348	581.299	NA	NA	NA	NA	NA	NA
92	Spot92	4	5	1437.888	581.299	NA	NA	NA	NA	NA	NA
93	Spot93	5	5	1769.429	581.299	NA	NA	NA	NA	NA	NA
94	Spot94	6	5	2100.97	581.299	NA	NA	NA	NA	NA	NA
95	Spot95	7	5	2432.511	581.299	NA	NA	NA	NA	NA	NA
96	Spot96	8	5	2764.052	581.299	NA	NA	NA	NA	NA	NA
97	Spot97	9	5	3095.592	581.299	NA	NA	NA	NA	NA	NA
98	Spot98	10	5	3427.133	581.299	NA	NA	NA	NA	NA	NA
99	Spot99	11	5	3758.674	581.299	NA	NA	NA	NA	NA	NA
100	Spot100	12	5	4090.215	581.299	NA	NA	NA	NA	NA	NA
101	Spot101	13	5	4421.756	581.299	NA	NA	NA	NA	NA	NA
102	Spot102	14	5	4753.297	581.299	NA	NA	NA	NA	NA	NA
103	Spot103	15	5	5084.837	581.299	NA	NA	NA	NA	NA	NA
104	Spot104	16	5	5416.378	581.299	NA	NA	NA	NA	NA	NA
105	Spot105	17	5	5747.919	581.299	NA	NA	NA	NA	NA	NA
106	Spot106	18	5	6079.46	581.299	0	5	0	0	0	0
107	Spot107	19	5	6411.001	581.299	0	5	0	1	0	0
108	Spot108	20	5	6742.541	581.299	0	1	0	0	1	0
109	Spot109	21	5	7074.082	581.299	0	2	7	0	0	0
110	Spot110	22	5	7405.623	581.299	0	6	4	1	0	0
111	Spot111	1	6	443.266	435.317	NA	NA	NA	NA	NA	NA
112	Spot112	2	6	774.807	435.317	NA	NA	NA	NA	NA	NA
113	Spot113	3	6	1106.348	435.317	NA	NA	NA	NA	NA	NA
114	Spot114	4	6	1437.888	435.317	NA	NA	NA	NA	NA	NA
115	Spot115	5	6	1769.429	435.317	NA	NA	NA	NA	NA	NA
116	Spot116	6	6	2100.97	435.317	NA	NA	NA	NA	NA	NA
117	Spot117	7	6	2432.511	435.317	NA	NA	NA	NA	NA	NA
118	Spot118	8	6	2764.052	435.317	NA	NA	NA	NA	NA	NA
119	Spot119	9	6	3095.592	435.317	NA	NA	NA	NA	NA	NA
120	Spot120	10	6	3427.133	435.317	NA	NA	NA	NA	NA	NA
121	Spot121	11	6	3758.674	435.317	NA	NA	NA	NA	NA	NA
122	Spot122	12	6	4090.215	435.317	NA	NA	NA	NA	NA	NA
123	Spot123	13	6	4421.756	435.317	NA	NA	NA	NA	NA	NA
124	Spot124	14	6	4753.297	435.317	NA	NA	NA	NA	NA	NA
125	Spot125	15	6	5084.837	435.317	NA	NA	NA	NA	NA	NA
126	Spot126	16	6	5416.378	435.317	NA	NA	NA	NA	NA	NA
127	Spot127	17	6	5747.919	435.317	NA	NA	NA	NA	NA	NA
128	Spot128	18	6	6079.46	435.317	0	1	0	0	0	0
129	Spot129	19	6	6411.001	435.317	1	2	0	0	0	0
130	Spot130	20	6	6742.541	435.317	1	5	3	1	0	0
131	Spot131	21	6	7074.082	435.317	1	1	0	0	1	0
132	Spot132	22	6	7405.623	435.317	0	2	7	0	1	0
133	Spot133	1	7	443.266	289.335	NA	NA	NA	NA	NA	NA
134	Spot134	2	7	774.807	289.335	NA	NA	NA	NA	NA	NA
135	Spot135	3	7	1106.348	289.335	NA	NA	NA	NA	NA	NA
136	Spot136	4	7	1437.888	289.335	NA	NA	NA	NA	NA	NA
137	Spot137	5	7	1769.429	289.335	NA	NA	NA	NA	NA	NA
138	Spot138	6	7	2100.97	289.335	NA	NA	NA	NA	NA	NA
139	Spot139	7	7	2432.511	289.335	NA	NA	NA	NA	NA	NA
140	Spot140	8	7	2764.052	289.335	NA	NA	NA	NA	NA	NA
141	Spot141	9	7	3095.592	289.335	NA	NA	NA	NA	NA	NA
142	Spot142	10	7	3427.133	289.335	NA	NA	NA	NA	NA	NA
143	Spot143	11	7	3758.674	289.335	NA	NA	NA	NA	NA	NA
144	Spot144	12	7	4090.215	289.335	NA	NA	NA	NA	NA	NA
145	Spot145	13	7	4421.756	289.335	NA	NA	NA	NA	NA	NA
146	Spot146	14	7	4753.297	289.335	NA	NA	NA	NA	NA	NA
147	Spot147	15	7	5084.837	289.335	NA	NA	NA	NA	NA	NA
148	Spot148	16	7	5416.378	289.335	NA	NA	NA	NA	NA	NA
149	Spot149	17	7	5747.919	289.335	0	2	0	0	0	0
150	Spot150	18	7	6079.46	289.335	0	2	0	1	0	0
151	Spot151	19	7	6411.001	289.335	0	7	2	0	0	0
152	Spot152	20	7	6742.541	289.335	1	3	2	0	2	0
153	Spot153	21	7	7074.082	289.335	2	6	1	1	0	0
154	Spot154	22	7	7405.623	289.335	1	6	4	1	2	0
155	Spot155	1	8	443.266	143.353	NA	NA	NA	NA	NA	NA
156	Spot156	2	8	774.807	143.353	NA	NA	NA	NA	NA	NA
157	Spot157	3	8	1106.348	143.353	NA	NA	NA	NA	NA	NA
158	Spot158	4	8	1437.888	143.353	NA	NA	NA	NA	NA	NA
159	Spot159	5	8	1769.429	143.353	NA	NA	NA	NA	NA	NA
160	Spot160	6	8	2100.97	143.353	NA	NA	NA	NA	NA	NA
161	Spot161	7	8	2432.511	143.353	NA	NA	NA	NA	NA	NA
162	Spot162	8	8	2764.052	143.353	NA	NA	NA	NA	NA	NA
163	Spot163	9	8	3095.592	143.353	NA	NA	NA	NA	NA	NA
164	Spot164	10	8	3427.133	143.353	NA	NA	NA	NA	NA	NA
165	Spot165	11	8	3758.674	143.353	NA	NA	NA	NA	NA	NA
166	Spot166	12	8	4090.215	143.353	NA	NA	NA	NA	NA	NA
167	Spot167	13	8	4421.756	143.353	NA	NA	NA	NA	NA	NA
168	Spot168	14	8	4753.297	143.353	NA	NA	NA	NA	NA	NA
169	Spot169	15	8	5084.837	143.353	NA	NA	NA	NA	NA	NA
170	Spot170	16	8	5416.378	143.353	NA	NA	NA	NA	NA	NA
171	Spot171	17	8	5747.919	143.353	0	1	0	0	0	0
172	Spot172	18	8	6079.46	143.353	0	4	0	0	2	0
173	Spot173	19	8	6411.001	143.353	3	6	0	1	1	0
174	Spot174	20	8	6742.541	143.353	0	6	1	1	0	0
175	Spot175	21	8	7074.082	143.353	2	4	3	1	0	0
176	Spot176	22	8	7405.623	143.353	1	4	6	2	1	0
177	Spot177	1	9	443.266	-2.629	NA	NA	NA	NA	NA	NA
178	Spot178	2	9	774.807	-2.629	NA	NA	NA	NA	NA	NA
179	Spot179	3	9	1106.348	-2.629	NA	NA	NA	NA	NA	NA
180	Spot180	4	9	1437.888	-2.629	NA	NA	NA	NA	NA	NA
181	Spot181	5	9	1769.429	-2.629	NA	NA	NA	NA	NA	NA
182	Spot182	6	9	2100.97	-2.629	NA	NA	NA	NA	NA	NA
183	Spot183	7	9	2432.511	-2.629	NA	NA	NA	NA	NA	NA
184	Spot184	8	9	2764.052	-2.629	NA	NA	NA	NA	NA	NA
185	Spot185	9	9	3095.592	-2.629	NA	NA	NA	NA	NA	NA
186	Spot186	10	9	3427.133	-2.629	NA	NA	NA	NA	NA	NA
187	Spot187	11	9	3758.674	-2.629	NA	NA	NA	NA	NA	NA
188	Spot188	12	9	4090.215	-2.629	NA	NA	NA	NA	NA	NA
189	Spot189	13	9	4421.756	-2.629	NA	NA	NA	NA	NA	NA
190	Spot190	14	9	4753.297	-2.629	NA	NA	NA	NA	NA	NA
191	Spot191	15	9	5084.837	-2.629	NA	NA	NA	NA	NA	NA
192	Spot192	16	9	5416.378	-2.629	NA	NA	NA	NA	NA	NA
193	Spot193	17	9	5747.919	-2.629	NA	NA	NA	NA	NA	NA
194	Spot194	18	9	6079.46	-2.629	1	3	0	1	0	0
195	Spot195	19	9	6411.001	-2.629	0	6	0	1	0	0
196	Spot196	20	9	6742.541	-2.629	0	4	2	1	0	0
197	Spot197	21	9	7074.082	-2.629	1	6	0	0	1	0
198	Spot198	22	9	7405.623	-2.629	0	6	3	1	1	2
199	Spot199	1	10	443.266	-148.61	0	1	0	0	1	0
200	Spot200	2	10	774.807	-148.61	0	3	0	0	0	0
201	Spot201	3	10	1106.348	-148.61	1	6	0	0	1	1
202	Spot202	4	10	1437.888	-148.61	0	3	1	1	0	1
203	Spot203	5	10	1769.429	-148.61	0	2	0	0	0	0
204	Spot204	6	10	2100.97	-148.61	NA	NA	NA	NA	NA	NA
205	Spot205	7	10	2432.511	-148.61	0	2	0	0	0	0
206	Spot206	8	10	2764.052	-148.61	0	1	0	0	0	0
207	Spot207	9	10	3095.592	-148.61	NA	NA	NA	NA	NA	NA
208	Spot208	10	10	3427.133	-148.61	NA	NA	NA	NA	NA	NA
209	Spot209	11	10	3758.674	-148.61	NA	NA	NA	NA	NA	NA
210	Spot210	12	10	4090.215	-148.61	0	1	0	0	0	0
211	Spot211	13	10	4421.756	-148.61	NA	NA	NA	NA	NA	NA
212	Spot212	14	10	4753.297	-148.61	NA	NA	NA	NA	NA	NA
213	Spot213	15	10	5084.837	-148.61	NA	NA	NA	NA	NA	NA
214	Spot214	16	10	5416.378	-148.61	NA	NA	NA	NA	NA	NA
215	Spot215	17	10	5747.919	-148.61	0	2	0	0	0	0
216	Spot216	18	10	6079.46	-148.61	0	3	1	1	1	1
217	Spot217	19	10	6411.001	-148.61	0	2	0	0	0	0
218	Spot218	20	10	6742.541	-148.61	0	2	1	1	0	1
219	Spot219	21	10	7074.082	-148.61	0	6	0	3	0	1
220	Spot220	22	10	7405.623	-148.61	0	1	1	1	0	0
221	Spot221	1	11	443.266	-294.592	0	1	0	1	2	0
222	Spot222	2	11	774.807	-294.592	2	7	0	0	1	2
223	Spot223	3	11	1106.348	-294.592	2	8	1	0	0	1
224	Spot224	4	11	1437.888	-294.592	4	10	0	1	1	2
225	Spot225	5	11	1769.429	-294.592	2	4	0	0	1	0
226	Spot226	6	11	2100.97	-294.592	1	5	0	1	0	1
227	Spot227	7	11	2432.511	-294.592	0	9	0	0	0	1
228	Spot228	8	11	2764.052	-294.592	0	5	0	1	1	1
229	Spot229	9	11	3095.592	-294.592	1	1	0	0	0	2
230	Spot230	10	11	3427.133	-294.592	0	1	0	1	0	0
231	Spot231	11	11	3758.674	-294.592	2	2	0	0	0	0
232	Spot232	12	11	4090.215	-294.592	0	8	0	0	0	0
233	Spot233	13	11	4421.756	-294.592	0	4	0	0	0	1
234	Spot234	14	11	4753.297	-294.592	0	2	0	1	0	0
235	Spot235	15	11	5084.837	-294.592	0	0	0	0	0	1
236	Spot236	16	11	5416.378	-294.592	0	4	0	0	0	0
237	Spot237	17	11	5747.919	-294.592	2	2	0	0	1	1
238	Spot238	18	11	6079.46	-294.592	0	3	0	0	0	0
239	Spot239	19	11	6411.001	-294.592	1	3	2	1	1	1
240	Spot240	20	11	6742.541	-294.592	0	5	1	1	0	0
241	Spot241	21	11	7074.082	-294.592	1	4	1	0	0	0
242	Spot242	22	11	7405.623	-294.592	NA	NA	NA	NA	NA	NA
243	Spot243	1	12	443.266	-440.574	2	4	0	1	1	3
244	Spot244	2	12	774.807	-440.574	0	6	0	0	2	0
245	Spot245	3	12	1106.348	-440.574	2	5	0	0	0	0
246	Spot246	4	12	1437.888	-440.574	2	6	0	1	1	0
247	Spot247	5	12	1769.429	-440.574	3	6	0	0	0	0
248	Spot248	6	12	2100.97	-440.574	1	6	0	1	0	0
249	Spot249	7	12	2432.511	-440.574	0	3	1	1	0	0
250	Spot250	8	12	2764.052	-440.574	0	7	0	0	0	0
251	Spot251	9	12	3095.592	-440.574	0	6	0	0	0	2
252	Spot252	10	12	3427.133	-440.574	2	5	0	0	0	1
253	Spot253	11	12	3758.674	-440.574	1	6	0	0	0	0
254	Spot254	12	12	4090.215	-440.574	0	5	0	0	0	0
255	Spot255	13	12	4421.756	-440.574	0	4	0	1	0	2
256	Spot256	14	12	4753.297	-440.574	5	2	0	1	0	1
257	Spot257	15	12	5084.837	-440.574	0	3	0	1	0	0
258	Spot258	16	12	5416.378	-440.574	1	1	1	0	0	0
259	Spot259	17	12	5747.919	-440.574	2	3	0	0	1	0
260	Spot260	18	12	6079.46	-440.574	0	6	0	4	0	0
261	Spot261	19	12	6411.001	-440.574	0	4	1	0	0	1
262	Spot262	20	12	6742.541	-440.574	0	3	1	2	2	2
263	Spot263	21	12	7074.082	-440.574	1	1	0	0	0	0
264	Spot264	22	12	7405.623	-440.574	NA	NA	NA	NA	NA	NA
265	Spot265	1	13	443.266	-586.556	0	2	1	1	0	4
266	Spot266	2	13	774.807	-586.556	0	1	0	1	0	2
267	Spot267	3	13	1106.348	-586.556	2	3	0	0	0	1
268	Spot268	4	13	1437.888	-586.556	1	7	0	0	0	1
269	Spot269	5	13	1769.429	-586.556	0	11	0	0	0	2
270	Spot270	6	13	2100.97	-586.556	2	3	0	0	0	0
271	Spot271	7	13	2432.511	-586.556	1	8	0	0	0	1
272	Spot272	8	13	2764.052	-586.556	0	3	0	0	1	0
273	Spot273	9	13	3095.592	-586.556	1	6	0	0	0	1
274	Spot274	10	13	3427.133	-586.556	2	8	0	1	0	0
275	Spot275	11	13	3758.674	-586.556	1	8	0	0	0	3
276	Spot276	12	13	4090.215	-586.556	1	5	0	1	0	0
277	Spot277	13	13	4421.756	-586.556	1	3	0	0	0	1
278	Spot278	14	13	4753.297	-586.556	1	4	0	0	0	0
279	Spot279	15	13	5084.837	-586.556	0	6	0	1	0	2
280	Spot280	16	13	5416.378	-586.556	0	2	0	1	0	1
281	Spot281	17	13	5747.919	-586.556	0	1	0	0	0	0
282	Spot282	18	13	6079.46	-586.556	0	3	0	0	0	0
283	Spot283	19	13	6411.001	-586.556	1	6	0	3	0	0
284	Spot284	20	13	6742.541	-586.556	1	5	0	1	0	0
285	Spot285	21	13	7074.082	-586.556	0	1	0	1	0	0
286	Spot286	22	13	7405.623	-586.556	NA	NA	NA	NA	NA	NA
287	Spot287	1	14	443.266	-732.538	0	5	0	1	1	1
288	Spot288	2	14	774.807	-732.538	4	4	0	2	0	2
289	Spot289	3	14	1106.348	-732.538	1	4	0	0	1	1
290	Spot290	4	14	1437.888	-732.538	1	6	0	0	0	1
291	Spot291	5	14	1769.429	-732.538	2	6	0	1	0	0
292	Spot292	6	14	2100.97	-732.538	1	3	0	0	1	1
293	Spot293	7	14	2432.511	-732.538	1	2	0	0	0	0
294	Spot294	8	14	2764.052	-732.538	2	3	0	0	0	4
295	Spot295	9	14	3095.592	-732.538	0	11	0	3	0	0
296	Spot296	10	14	3427.133	-732.538	1	3	0	0	0	0
297	Spot297	11	14	3758.674	-732.538	1	7	0	2	0	1
298	Spot298	12	14	4090.215	-732.538	0	2	0	0	0	1
299	Spot299	13	14	4421.756	-732.538	1	8	2	0	0	1
300	Spot300	14	14	4753.297	-732.538	0	6	1	2	0	0
301	Spot301	15	14	5084.837	-732.538	2	2	0	0	0	0
302	Spot302	16	14	5416.378	-732.538	1	1	0	1	0	0
303	Spot303	17	14	5747.919	-732.538	0	5	1	0	0	0
304	Spot304	18	14	6079.46	-732.538	0	4	0	1	0	2
305	Spot305	19	14	6411.001	-732.538	1	8	0	4	0	0
306	Spot306	20	14	6742.541	-732.538	1	5	2	4	0	0
307	Spot307	21	14	7074.082	-732.538	0	0	0	1	0	0
308	Spot308	22	14	7405.623	-732.538	NA	NA	NA	NA	NA	NA
309	Spot309	1	15	443.266	-878.519	2	2	0	0	0	2
310	Spot310	2	15	774.807	-878.519	2	2	0	0	0	1
311	Spot311	3	15	1106.348	-878.519	1	1	0	2	0	1
312	Spot312	4	15	1437.888	-878.519	0	3	0	0	0	2
313	Spot313	5	15	1769.429	-878.519	0	5	1	0	1	1
314	Spot314	6	15	2100.97	-878.519	3	6	0	2	0	2
315	Spot315	7	15	2432.511	-878.519	0	5	0	0	0	3
316	Spot316	8	15	2764.052	-878.519	2	3	0	0	0	1
317	Spot317	9	15	3095.592	-878.519	2	1	0	1	0	0
318	Spot318	10	15	3427.133	-878.519	0	1	0	0	0	0
319	Spot319	11	15	3758.674	-878.519	1	2	1	1	0	1
320	Spot320	12	15	4090.215	-878.519	0	5	0	0	0	0
321	Spot321	13	15	4421.756	-878.519	3	2	0	1	0	2
322	Spot322	14	15	4753.297	-878.519	0	4	1	1	0	0
323	Spot323	15	15	5084.837	-878.519	3	5	0	2	0	2
324	Spot324	16	15	5416.378	-878.519	1	2	0	1	0	0
325	Spot325	17	15	5747.919	-878.519	0	4	0	2	0	0
326	Spot326	18	15	6079.46	-878.519	1	7	1	0	0	0
327	Spot327	19	15	6411.001	-878.519	0	5	0	0	0	1
328	Spot328	20	15	6742.541	-878.519	0	10	0	1	0	1
329	Spot329	21	15	7074.082	-878.519	0	2	0	0	1	0
330	Spot330	22	15	7405.623	-878.519	NA	NA	NA	NA	NA	NA
331	Spot331	1	16	443.266	-1024.501	3	3	0	0	0	3
332	Spot332	2	16	774.807	-1024.501	0	3	1	2	2	1
333	Spot333	3	16	1106.348	-1024.501	2	3	0	2	0	1
334	Spot334	4	16	1437.888	-1024.501	1	3	0	0	0	0
335	Spot335	5	16	1769.429	-1024.501	0	5	0	0	0	0
336	Spot336	6	16	2100.97	-1024.501	0	8	0	0	0	1
337	Spot337	7	16	2432.511	-1024.501	2	6	0	2	0	0
338	Spot338	8	16	2764.052	-1024.501	1	7	0	3	0	0
339	Spot339	9	16	3095.592	-1024.501	2	5	0	0	1	0
340	Spot340	10	16	3427.133	-1024.501	1	6	1	0	0	0
341	Spot341	11	16	3758.674	-1024.501	0	1	2	0	0	0
342	Spot342	12	16	4090.215	-1024.501	2	4	0	0	1	0
343	Spot343	13	16	4421.756	-1024.501	1	6	1	0	0	0
344	Spot344	14	16	4753.297	-1024.501	0	4	0	1	0	0
345	Spot345	15	16	5084.837	-1024.501	0	5	0	0	0	0
346	Spot346	16	16	5416.378	-1024.501	0	2	0	1	0	0
347	Spot347	17	16	5747.919	-1024.501	2	5	0	0	0	0
348	Spot348	18	16	6079.46	-1024.501	1	6	0	0	1	0
349	Spot349	19	16	6411.001	-1024.501	3	3	0	0	1	0
350	Spot350	20	16	6742.541	-1024.501	0	5	0	2	0	0
351	Spot351	21	16	7074.082	-1024.501	NA	NA	NA	NA	NA	NA
352	Spot352	22	16	7405.623	-1024.501	NA	NA	NA	NA	NA	NA
353	Spot353	1	17	443.266	-1170.483	1	4	0	0	2	2
354	Spot354	2	17	774.807	-1170.483	0	3	0	0	1	0
355	Spot355	3	17	1106.348	-1170.483	0	1	0	2	0	0
356	Spot356	4	17	1437.888	-1170.483	2	3	0	3	0	1
357	Spot357	5	17	1769.429	-1170.483	1	8	0	1	0	0
358	Spot358	6	17	2100.97	-1170.483	1	4	0	1	0	1
359	Spot359	7	17	2432.511	-1170.483	0	6	0	2	1	1
360	Spot360	8	17	2764.052	-1170.483	1	3	0	1	0	0
361	Spot361	9	17	3095.592	-1170.483	2	7	0	0	0	0
362	Spot362	10	17	3427.133	-1170.483	3	6	0	0	0	0
363	Spot363	11	17	3758.674	-1170.483	0	4	1	1	0	1
364	Spot364	12	17	4090.215	-1170.483	0	5	0	1	0	0
365	Spot365	13	17	4421.756	-1170.483	1	7	1	0	0	1
366	Spot366	14	17	4753.297	-1170.483	1	5	0	0	0	0
367	Spot367	15	17	5084.837	-1170.483	2	2	0	0	0	0
368	Spot368	16	17	5416.378	-1170.483	0	1	1	2	0	0
369	Spot369	17	17	5747.919	-1170.483	3	7	0	2	0	0
370	Spot370	18	17	6079.46	-1170.483	1	1	0	0	0	0
371	Spot371	19	17	6411.001	-1170.483	0	6	0	0	0	0
372	Spot372	20	17	6742.541	-1170.483	1	5	0	0	0	0
373	Spot373	21	17	7074.082	-1170.483	NA	NA	NA	NA	NA	NA
374	Spot374	22	17	7405.623	-1170.483	NA	NA	NA	NA	NA	NA
375	Spot375	1	18	443.266	-1316.465	0	2	0	2	0	3
376	Spot376	2	18	774.807	-1316.465	2	6	0	2	0	2
377	Spot377	3	18	1106.348	-1316.465	1	7	0	0	0	0
378	Spot378	4	18	1437.888	-1316.465	0	5	0	0	1	1
379	Spot379	5	18	1769.429	-1316.465	0	6	0	1	0	0
380	Spot380	6	18	2100.97	-1316.465	4	7	0	0	0	0
381	Spot381	7	18	2432.511	-1316.465	0	9	0	0	0	2
382	Spot382	8	18	2764.052	-1316.465	3	3	0	1	0	0
383	Spot383	9	18	3095.592	-1316.465	1	6	1	0	0	0
384	Spot384	10	18	3427.133	-1316.465	1	4	0	1	0	1
385	Spot385	11	18	3758.674	-1316.465	1	4	1	0	0	0
386	Spot386	12	18	4090.215	-1316.465	0	2	0	1	0	0
387	Spot387	13	18	4421.756	-1316.465	1	2	1	1	0	0
388	Spot388	14	18	4753.297	-1316.465	0	9	1	1	0	1
389	Spot389	15	18	5084.837	-1316.465	0	5	2	1	0	0
390	Spot390	16	18	5416.378	-1316.465	0	7	0	1	0	0
391	Spot391	17	18	5747.919	-1316.465	1	2	0	1	0	0
392	Spot392	18	18	6079.46	-1316.465	1	3	0	1	0	0
393	Spot393	19	18	6411.001	-1316.465	0	4	0	2	0	0
394	Spot394	20	18	6742.541	-1316.465	0	11	1	1	0	0
395	Spot395	21	18	7074.082	-1316.465	NA	NA	NA	NA	NA	NA
396	Spot396	22	18	7405.623	-1316.465	NA	NA	NA	NA	NA	NA
397	Spot397	1	19	443.266	-1462.447	2	1	0	1	1	1
398	Spot398	2	19	774.807	-1462.447	1	3	0	0	0	1
399	Spot399	3	19	1106.348	-1462.447	1	2	0	1	0	1
400	Spot400	4	19	1437.888	-1462.447	0	2	0	2	0	1
401	Spot401	5	19	1769.429	-1462.447	0	4	0	0	0	0
402	Spot402	6	19	2100.97	-1462.447	0	4	0	0	0	1
403	Spot403	7	19	2432.511	-1462.447	1	3	0	0	0	0
404	Spot404	8	19	2764.052	-1462.447	1	7	0	0	0	0
405	Spot405	9	19	3095.592	-1462.447	0	5	0	0	0	0
406	Spot406	10	19	3427.133	-1462.447	0	2	0	0	1	0
407	Spot407	11	19	3758.674	-1462.447	1	8	0	0	0	0
408	Spot408	12	19	4090.215	-1462.447	1	2	0	1	0	0
409	Spot409	13	19	4421.756	-1462.447	1	4	0	0	0	1
410	Spot410	14	19	4753.297	-1462.447	0	4	0	1	0	0
411	Spot411	15	19	5084.837	-1462.447	0	4	1	0	0	1
412	Spot412	16	19	5416.378	-1462.447	0	4	0	0	0	1
413	Spot413	17	19	5747.919	-1462.447	0	5	0	0	0	0
414	Spot414	18	19	6079.46	-1462.447	0	2	1	0	1	0
415	Spot415	19	19	6411.001	-1462.447	0	4	1	1	0	0
416	Spot416	20	19	6742.541	-1462.447	1	5	0	3	0	0
417	Spot417	21	19	7074.082	-1462.447	0	2	0	0	0	0
418	Spot418	22	19	7405.623	-1462.447	NA	NA	NA	NA	NA	NA
419	Spot419	1	20	443.266	-1608.428	2	2	0	2	0	2
420	Spot420	2	20	774.807	-1608.428	1	4	0	0	0	0
421	Spot421	3	20	1106.348	-1608.428	2	0	0	0	0	0
422	Spot422	4	20	1437.888	-1608.428	1	5	0	1	0	3
423	Spot423	5	20	1769.429	-1608.428	0	5	0	0	0	1
424	Spot424	6	20	2100.97	-1608.428	0	8	0	0	0	1
425	Spot425	7	20	2432.511	-1608.428	0	4	1	1	0	0
426	Spot426	8	20	2764.052	-1608.428	3	8	0	0	0	1
427	Spot427	9	20	3095.592	-1608.428	0	3	0	0	0	0
428	Spot428	10	20	3427.133	-1608.428	1	2	0	0	0	1
429	Spot429	11	20	3758.674	-1608.428	0	8	0	1	0	1
430	Spot430	12	20	4090.215	-1608.428	1	2	1	1	0	0
431	Spot431	13	20	4421.756	-1608.428	0	2	0	0	0	0
432	Spot432	14	20	4753.297	-1608.428	1	6	0	2	0	0
433	Spot433	15	20	5084.837	-1608.428	0	1	1	0	0	0
434	Spot434	16	20	5416.378	-1608.428	1	5	1	2	0	1
435	Spot435	17	20	5747.919	-1608.428	0	3	1	0	1	0
436	Spot436	18	20	6079.46	-1608.428	0	5	0	0	0	0
437	Spot437	19	20	6411.001	-1608.428	0	1	0	2	0	0
438	Spot438	20	20	6742.541	-1608.428	0	8	0	1	0	0
439	Spot439	21	20	7074.082	-1608.428	0	2	0	0	0	0
440	Spot440	22	20	7405.623	-1608.428	NA	NA	NA	NA	NA	NA
441	Spot441	1	21	443.266	-1754.41	0	3	0	0	0	5
442	Spot442	2	21	774.807	-1754.41	2	4	0	0	1	1
443	Spot443	3	21	1106.348	-1754.41	0	5	0	0	0	0
444	Spot444	4	21	1437.888	-1754.41	0	3	0	0	0	2
445	Spot445	5	21	1769.429	-1754.41	0	5	0	1	0	1
446	Spot446	6	21	2100.97	-1754.41	1	8	0	1	0	1
447	Spot447	7	21	2432.511	-1754.41	1	10	0	1	1	0
448	Spot448	8	21	2764.052	-1754.41	0	6	0	0	0	0
449	Spot449	9	21	3095.592	-1754.41	0	6	0	1	0	0
450	Spot450	10	21	3427.133	-1754.41	1	3	0	0	1	1
451	Spot451	11	21	3758.674	-1754.41	0	5	0	0	0	1
452	Spot452	12	21	4090.215	-1754.41	0	5	1	0	0	0
453	Spot453	13	21	4421.756	-1754.41	0	5	1	0	1	1
454	Spot454	14	21	4753.297	-1754.41	0	3	0	0	0	0
455	Spot455	15	21	5084.837	-1754.41	0	4	1	0	0	1
456	Spot456	16	21	5416.378	-1754.41	0	2	0	0	0	0
457	Spot457	17	21	5747.919	-1754.41	0	3	0	0	0	2
458	Spot458	18	21	6079.46	-1754.41	0	3	0	0	1	3
459	Spot459	19	21	6411.001	-1754.41	0	3	0	0	0	0
460	Spot460	20	21	6742.541	-1754.41	0	2	0	0	0	0
461	Spot461	21	21	7074.082	-1754.41	NA	NA	NA	NA	NA	NA
462	Spot462	22	21	7405.623	-1754.41	NA	NA	NA	NA	NA	NA
463	Spot463	1	22	443.266	-1900.392	0	1	0	0	0	0
464	Spot464	2	22	774.807	-1900.392	0	3	0	0	0	0
465	Spot465	3	22	1106.348	-1900.392	0	5	0	1	0	4
466	Spot466	4	22	1437.888	-1900.392	0	5	0	0	0	1
467	Spot467	5	22	1769.429	-1900.392	0	4	0	0	0	1
468	Spot468	6	22	2100.97	-1900.392	0	1	0	0	0	0
469	Spot469	7	22	2432.511	-1900.392	0	3	0	0	1	0
470	Spot470	8	22	2764.052	-1900.392	0	4	0	0	0	0
471	Spot471	9	22	3095.592	-1900.392	0	0	0	1	0	0
472	Spot472	10	22	3427.133	-1900.392	0	4	0	0	0	0
473	Spot473	11	22	3758.674	-1900.392	0	5	1	0	0	1
474	Spot474	12	22	4090.215	-1900.392	0	3	0	1	0	4
475	Spot475	13	22	4421.756	-1900.392	0	1	0	0	0	0
476	Spot476	14	22	4753.297	-1900.392	NA	NA	NA	NA	NA	NA
477	Spot477	15	22	5084.837	-1900.392	0	1	0	1	0	0
478	Spot478	16	22	5416.378	-1900.392	0	5	0	1	0	0
479	Spot479	17	22	5747.919	-1900.392	0	2	0	0	0	0
480	Spot480	18	22	6079.46	-1900.392	0	5	0	0	0	2
481	Spot481	19	22	6411.001	-1900.392	1	0	1	0	0	1
482	Spot482	20	22	6742.541	-1900.392	NA	NA	NA	NA	NA	NA
483	Spot483	21	22	7074.082	-1900.392	NA	NA	NA	NA	NA	NA
484	Spot484	22	22	7405.623	-1900.392	NA	NA	NA	NA	NA	NA
