Type	Region	CellType	GeneID	AdjCellType	AdjGene	beta
DistanceAssoGenes	1	Epithelial	CGGBP1	Adipocyte	NA	0.21142603955420858
DistanceAssoGenes	1	Epithelial	ST6GALNAC4	Adipocyte	NA	0.1599362840901361
DistanceAssoGenes	1	Epithelial	ATE1	Adipocyte	NA	0.1855508004980449
DistanceAssoGenes	1	Epithelial	SYCE1L	Adipocyte	NA	0.1943429238893105
DistanceAssoGenes	1	Epithelial	GAK	Adipocyte	NA	0.20118986777651002
DistanceAssoGenes	1	Epithelial	TM6SF2	Adipocyte	NA	0.1856207461744661
DistanceAssoGenes	1	Epithelial	KRR1	Adipocyte	NA	0.2336646538182613
DistanceAssoGenes	1	Epithelial	MUC4	Adipocyte	NA	0.1658768237674203
DistanceAssoGenes	1	Epithelial	MDGA1	Adipocyte	NA	0.17855161512303874
DistanceAssoGenes	1	Epithelial	CLVS2	Adipocyte	NA	0.18327074090329798
DistanceAssoGenes	1	Epithelial	WDR66	Adipocyte	NA	0.20588039188621127
DistanceAssoGenes	1	Epithelial	PLEKHA1	Adipocyte	NA	0.18820914541931133
DistanceAssoGenes	1	Epithelial	HPS4	Adipocyte	NA	0.20200942819534962
DistanceAssoGenes	1	Epithelial	ZNF780A	Adipocyte	NA	0.20396531203621837
DistanceAssoGenes	1	Epithelial	TRPM4	Adipocyte	NA	0.20449055801696456
DistanceAssoGenes	1	Epithelial	TNFRSF8	Adipocyte	NA	0.2135151119825484
DistanceAssoGenes	1	Epithelial	LRRC25	Adipocyte	NA	0.20807084447690924
DistanceAssoGenes	1	Epithelial	TSGA10	Adipocyte	NA	0.19185504390010805
DistanceAssoGenes	1	Epithelial	C4B	Adipocyte	NA	0.18231374207918755
DistanceAssoGenes	1	Epithelial	SETDB1	Adipocyte	NA	0.19411865828454736
DistanceAssoGenes	1	Epithelial	SLC22A1	Adipocyte	NA	0.22680686307822642
DistanceAssoGenes	1	Epithelial	FCHO2	Adipocyte	NA	0.18958775728069613
DistanceAssoGenes	1	Epithelial	PNKP	Adipocyte	NA	0.2533161436193776
DistanceAssoGenes	1	Epithelial	FAM228A	Adipocyte	NA	0.23741504069278557
DistanceAssoGenes	1	Epithelial	PDCD5	Adipocyte	NA	0.20955289213376926
DistanceAssoGenes	1	Epithelial	ADAM11	Adipocyte	NA	0.2108816753222657
DistanceAssoGenes	1	Epithelial	PDGFC	Adipocyte	NA	0.2251745593542184
DistanceAssoGenes	1	Epithelial	C19orf33	Adipocyte	NA	0.2315048975904741
DistanceAssoGenes	1	Epithelial	ATF6B	Adipocyte	NA	0.23050061486219284
DistanceAssoGenes	1	Epithelial	YPEL3	Adipocyte	NA	0.18234138359155436
DistanceAssoGenes	1	Epithelial	SAMD12	Adipocyte	NA	0.2189909117993091
DistanceAssoGenes	1	Epithelial	MFN2	Adipocyte	NA	0.1822530234845856
DistanceAssoGenes	1	Epithelial	CRCP	Adipocyte	NA	0.18742315156723008
DistanceAssoGenes	1	Epithelial	SLFN5	Adipocyte	NA	0.2259471866590769
DistanceAssoGenes	1	Epithelial	TBC1D26	Adipocyte	NA	0.19711094472165694
DistanceAssoGenes	1	Epithelial	YBEY	Adipocyte	NA	0.17248262967147315
DistanceAssoGenes	1	Epithelial	SENP5	Adipocyte	NA	0.1886540188154555
DistanceAssoGenes	1	Epithelial	LEKR1	Adipocyte	NA	0.1971848429966584
DistanceAssoGenes	1	Epithelial	LUC7L2	Adipocyte	NA	0.22367737452942155
DistanceAssoGenes	1	Epithelial	ATAD1	Adipocyte	NA	0.22400984637519453
DistanceAssoGenes	1	Epithelial	PLIN2	Adipocyte	NA	0.19217252841463378
DistanceAssoGenes	1	Epithelial	KIF17	Adipocyte	NA	0.22011053062170258
DistanceAssoGenes	1	Epithelial	GTF2IRD2	Adipocyte	NA	0.1688162289517627
DistanceAssoGenes	1	Epithelial	FAM196B	Adipocyte	NA	0.1932253069790629
DistanceAssoGenes	1	Epithelial	MRGBP	Adipocyte	NA	0.18810986979225966
DistanceAssoGenes	1	Epithelial	NEK4	Adipocyte	NA	0.233185670832543
DistanceAssoGenes	1	Epithelial	CCNC	Adipocyte	NA	0.2126404530282833
DistanceAssoGenes	1	Epithelial	TIPARP	Adipocyte	NA	0.2300326064277234
DistanceAssoGenes	1	Epithelial	EIF2D	Adipocyte	NA	0.17404884402916704
DistanceAssoGenes	1	Epithelial	SLC25A48	Adipocyte	NA	0.24609144449063616
DistanceAssoGenes	1	Epithelial	NAB1	Adipocyte	NA	0.16030933676933304
DistanceAssoGenes	1	Epithelial	ATAD3B	Adipocyte	NA	0.17156335360450195
DistanceAssoGenes	1	Epithelial	GPATCH1	Adipocyte	NA	0.16530987350238774
DistanceAssoGenes	1	Epithelial	CCM2	Adipocyte	NA	0.22003226426304837
DistanceAssoGenes	1	Epithelial	KDELC2	Adipocyte	NA	0.21016497569535433
DistanceAssoGenes	1	Epithelial	PRR25	Adipocyte	NA	0.14803039438624002
DistanceAssoGenes	1	Epithelial	PSMC3	Adipocyte	NA	0.19797724028855732
DistanceAssoGenes	1	Epithelial	LRP3	Adipocyte	NA	0.17737157227322556
DistanceAssoGenes	1	Epithelial	NNT	Adipocyte	NA	0.17923151516652044
DistanceAssoGenes	1	Epithelial	UBOX5	Adipocyte	NA	0.1732040768097223
DistanceAssoGenes	1	Epithelial	MTO1	Adipocyte	NA	0.19510793992526484
DistanceAssoGenes	1	Epithelial	BTBD1	Adipocyte	NA	0.18213244564222522
DistanceAssoGenes	1	Epithelial	JDP2	Adipocyte	NA	0.19862132929057189
DistanceAssoGenes	1	Epithelial	HAUS6	Adipocyte	NA	0.17668798902373672
DistanceAssoGenes	1	Epithelial	OSGEP	Adipocyte	NA	0.199552504566945
DistanceAssoGenes	1	Epithelial	ATOH7	Adipocyte	NA	0.20458033165392928
DistanceAssoGenes	1	Epithelial	PLD6	Adipocyte	NA	0.16963004010653338
DistanceAssoGenes	1	Epithelial	SHARPIN	Adipocyte	NA	0.1787217079570048
DistanceAssoGenes	1	Epithelial	DLX6	Adipocyte	NA	0.20610250765137902
DistanceAssoGenes	1	Epithelial	RIBC2	Adipocyte	NA	0.194871111056249
DistanceAssoGenes	1	Epithelial	SF3B3	Adipocyte	NA	0.20676621484701108
DistanceAssoGenes	1	Epithelial	TTC39B	Adipocyte	NA	0.19691019428245093
DistanceAssoGenes	1	Epithelial	PARP2	Adipocyte	NA	0.2158183479750232
DistanceAssoGenes	1	Epithelial	P4HA3	Adipocyte	NA	0.1874510808382712
DistanceAssoGenes	1	Epithelial	KLHL12	Adipocyte	NA	0.14383868061505756
DistanceAssoGenes	1	Epithelial	C2orf76	Adipocyte	NA	0.21963910488266516
DistanceAssoGenes	1	Epithelial	STYXL1	Adipocyte	NA	0.16613959851265592
DistanceAssoGenes	1	Epithelial	EXOG	Adipocyte	NA	0.17743544257321395
DistanceAssoGenes	1	Epithelial	ARHGAP33	Adipocyte	NA	0.1834620776752942
DistanceAssoGenes	1	Epithelial	ZNF665	Adipocyte	NA	0.19251708847741583
DistanceAssoGenes	1	Epithelial	CNOT7	Adipocyte	NA	0.18416477248369534
DistanceAssoGenes	1	Epithelial	RNF224	Adipocyte	NA	0.22635449816993003
DistanceAssoGenes	1	Epithelial	CCDC40	Adipocyte	NA	0.2156845303628071
DistanceAssoGenes	1	Epithelial	ZMYM1	Adipocyte	NA	0.17401828132510558
DistanceAssoGenes	1	Epithelial	KMT2B	Adipocyte	NA	0.21853296433882716
DistanceAssoGenes	1	Epithelial	SMN2	Adipocyte	NA	0.1606476542001397
DistanceAssoGenes	1	Epithelial	POLE4	Adipocyte	NA	0.1684320073661715
DistanceAssoGenes	1	Epithelial	TXNL4A	Adipocyte	NA	0.18970460069527603
DistanceAssoGenes	1	Epithelial	TMC8	Adipocyte	NA	0.16807176940701735
DistanceAssoGenes	1	Epithelial	BHMT	Adipocyte	NA	0.1800678314038312
DistanceAssoGenes	1	Epithelial	SEMA3F	Adipocyte	NA	0.1910821491843085
DistanceAssoGenes	1	Epithelial	ABT1	Adipocyte	NA	0.17563897333896733
DistanceAssoGenes	1	Epithelial	ARL16	Adipocyte	NA	0.21148711117488622
DistanceAssoGenes	1	Epithelial	PICALM	Adipocyte	NA	0.152210000198928
DistanceAssoGenes	1	Epithelial	NAP1L4	Adipocyte	NA	0.1590448771052388
DistanceAssoGenes	1	Epithelial	CHCHD2	Adipocyte	NA	0.22603513259912372
DistanceAssoGenes	1	Epithelial	C1orf216	Adipocyte	NA	0.19155508858758286
DistanceAssoGenes	1	Epithelial	APOL4	Adipocyte	NA	0.21976640268303352
DistanceAssoGenes	1	Epithelial	IFNAR1	Adipocyte	NA	0.19190561840076562
DistanceAssoGenes	1	Epithelial	CTSH	Adipocyte	NA	0.2324432021385836
DistanceAssoGenes	1	Epithelial	H6PD	Adipocyte	NA	0.19708432928218295
DistanceAssoGenes	1	Epithelial	SYCP1	Adipocyte	NA	0.2108584734578106
DistanceAssoGenes	1	Epithelial	OXLD1	Adipocyte	NA	0.21188236980028102
DistanceAssoGenes	1	Epithelial	PLOD1	Adipocyte	NA	0.190337925617323
DistanceAssoGenes	1	Epithelial	ACP6	Adipocyte	NA	0.18394632243888065
DistanceAssoGenes	1	Epithelial	FXYD5	Adipocyte	NA	0.18319838530033916
DistanceAssoGenes	1	Epithelial	XPO6	Adipocyte	NA	0.20704929330265442
DistanceAssoGenes	1	Epithelial	RPN1	Adipocyte	NA	0.1852019376993542
DistanceAssoGenes	1	Epithelial	FAM181B	Adipocyte	NA	0.20974216971359255
DistanceAssoGenes	1	Epithelial	NOL8	Adipocyte	NA	0.1899899724328281
DistanceAssoGenes	1	Epithelial	ZNF132	Adipocyte	NA	0.22901866267315774
DistanceAssoGenes	1	Epithelial	ZNHIT6	Adipocyte	NA	0.1812153928610991
DistanceAssoGenes	1	Epithelial	DHX34	Adipocyte	NA	0.22697658028702616
DistanceAssoGenes	1	Epithelial	AMIGO1	Adipocyte	NA	0.20221716114438518
DistanceAssoGenes	1	Epithelial	CLIC3	Adipocyte	NA	0.21039921905467396
DistanceAssoGenes	1	Epithelial	DIAPH3	Adipocyte	NA	0.19893512395523022
DistanceAssoGenes	1	Epithelial	ZNF646	Adipocyte	NA	0.20202920953261147
DistanceAssoGenes	1	Epithelial	TAF11	Adipocyte	NA	0.2239719434303371
DistanceAssoGenes	1	Epithelial	HAGH	Adipocyte	NA	0.20132109142539373
DistanceAssoGenes	1	Epithelial	SULT1B1	Adipocyte	NA	0.21252114990769083
DistanceAssoGenes	1	Epithelial	RGS1	Adipocyte	NA	0.2031438588936736
DistanceAssoGenes	1	Epithelial	ABCA3	Adipocyte	NA	0.17776594922481934
DistanceAssoGenes	1	Epithelial	NCOA1	Adipocyte	NA	0.20332463775391174
DistanceAssoGenes	1	Epithelial	OAF	Adipocyte	NA	0.23060054650559056
DistanceAssoGenes	1	Epithelial	PEAK1	Adipocyte	NA	0.18032122067980547
DistanceAssoGenes	1	Epithelial	SETD6	Adipocyte	NA	0.19334312117476246
DistanceAssoGenes	1	Epithelial	TOP3B	Adipocyte	NA	0.1865835965646143
DistanceAssoGenes	1	Epithelial	RNH1	Adipocyte	NA	0.22304501304488494
DistanceAssoGenes	1	Epithelial	DDX18	Adipocyte	NA	0.18054097095664798
DistanceAssoGenes	1	Epithelial	ADAMTS13	Adipocyte	NA	0.18861921791288452
DistanceAssoGenes	1	Epithelial	NEURL4	Adipocyte	NA	0.20249116866747105
DistanceAssoGenes	1	Epithelial	GCAT	Adipocyte	NA	0.18009620414063837
DistanceAssoGenes	1	Epithelial	CTSC	Adipocyte	NA	0.22096944921528397
DistanceAssoGenes	1	Epithelial	PIGO	Adipocyte	NA	0.21488020150922071
DistanceAssoGenes	1	Epithelial	IRF5	Adipocyte	NA	0.16996232218830498
DistanceAssoGenes	1	Epithelial	DYNC1I2	Adipocyte	NA	0.19004185810144059
DistanceAssoGenes	1	Epithelial	BPHL	Adipocyte	NA	0.2163304450671541
DistanceAssoGenes	1	Epithelial	HIST3H2A	Adipocyte	NA	0.19645011343816973
DistanceAssoGenes	1	Epithelial	BARD1	Adipocyte	NA	0.1872747270030119
DistanceAssoGenes	1	Epithelial	ADCK2	Adipocyte	NA	0.1892267285352521
DistanceAssoGenes	1	Epithelial	HLA-DQA2	Adipocyte	NA	0.20014985114684228
DistanceAssoGenes	1	Epithelial	ZNF391	Adipocyte	NA	0.20568825020855303
DistanceAssoGenes	1	Epithelial	PPP1R1C	Adipocyte	NA	0.19114561452510825
DistanceAssoGenes	1	Epithelial	APOB	Adipocyte	NA	0.18270025329145023
DistanceAssoGenes	1	Epithelial	CD79B	Adipocyte	NA	0.18501972256182014
DistanceAssoGenes	1	Epithelial	CANT1	Adipocyte	NA	0.2159084965119415
DistanceAssoGenes	1	Epithelial	CDK5RAP3	Adipocyte	NA	0.19893521799941352
DistanceAssoGenes	1	Epithelial	WDR36	Adipocyte	NA	0.20279580494529753
DistanceAssoGenes	1	Epithelial	TTC32	Adipocyte	NA	0.2444565890014413
DistanceAssoGenes	1	Epithelial	ZNF254	Adipocyte	NA	0.21226421700059658
DistanceAssoGenes	1	Epithelial	ZNF429	Adipocyte	NA	0.21574447933680815
DistanceAssoGenes	1	Epithelial	KTN1	Adipocyte	NA	0.20726701694981423
DistanceAssoGenes	1	Epithelial	MTSS1L	Adipocyte	NA	0.19891917056665295
DistanceAssoGenes	1	Epithelial	TFR2	Adipocyte	NA	0.1816746793822499
DistanceAssoGenes	1	Epithelial	PPP5C	Adipocyte	NA	0.18214501937537458
DistanceAssoGenes	1	Epithelial	ANKRD13D	Adipocyte	NA	0.1963843307495848
DistanceAssoGenes	1	Epithelial	CLEC10A	Adipocyte	NA	0.19740710956478563
DistanceAssoGenes	1	Epithelial	GTF2H2C	Adipocyte	NA	0.20717619131863238
DistanceAssoGenes	1	Epithelial	DRAP1	Adipocyte	NA	0.20847021904381033
DistanceAssoGenes	1	Epithelial	POLL	Adipocyte	NA	0.18873769029991322
DistanceAssoGenes	1	Epithelial	PPP1R13B	Adipocyte	NA	0.2261752880766835
DistanceAssoGenes	1	Epithelial	STK10	Adipocyte	NA	0.17364866931523176
DistanceAssoGenes	1	Epithelial	ZNF426	Adipocyte	NA	0.15737913223341937
DistanceAssoGenes	1	Epithelial	TMEM249	Adipocyte	NA	0.21741270671969729
DistanceAssoGenes	1	Epithelial	MAN1B1	Adipocyte	NA	0.18649706820327427
DistanceAssoGenes	1	Epithelial	HLA-DRA	Adipocyte	NA	0.17996215616575503
DistanceAssoGenes	1	Epithelial	SLC7A2	Adipocyte	NA	0.18842939369682332
DistanceAssoGenes	1	Epithelial	MSH3	Adipocyte	NA	0.19132515619017265
DistanceAssoGenes	1	Epithelial	ATF6	Adipocyte	NA	0.20936161869169892
DistanceAssoGenes	1	Epithelial	GSTM3	Adipocyte	NA	0.17105160756056725
DistanceAssoGenes	1	Epithelial	VSIG8	Adipocyte	NA	0.17507686618543247
DistanceAssoGenes	1	Epithelial	C6orf48	Adipocyte	NA	0.21241586640629362
DistanceAssoGenes	1	Epithelial	DOCK8	Adipocyte	NA	0.22204266528480981
DistanceAssoGenes	1	Epithelial	DCAF16	Adipocyte	NA	0.2087608190604921
DistanceAssoGenes	1	Epithelial	NFKBIB	Adipocyte	NA	0.1891018561653755
DistanceAssoGenes	1	Epithelial	MAPKAPK3	Adipocyte	NA	0.20703083155372237
DistanceAssoGenes	1	Epithelial	ZFP64	Adipocyte	NA	0.2264851220449341
DistanceAssoGenes	1	Epithelial	MYO1F	Adipocyte	NA	0.2150102134068943
DistanceAssoGenes	1	Epithelial	CD177	Adipocyte	NA	0.19998109122685379
DistanceAssoGenes	1	Epithelial	SDCBP2	Adipocyte	NA	0.20254622542666373
DistanceAssoGenes	1	Epithelial	MIS12	Adipocyte	NA	0.2093997245222179
DistanceAssoGenes	1	Epithelial	KALRN	Adipocyte	NA	0.21450256555418784
DistanceAssoGenes	1	Epithelial	TCIRG1	Adipocyte	NA	0.20502952221266915
DistanceAssoGenes	1	Epithelial	TCEANC2	Adipocyte	NA	0.1923618723791688
DistanceAssoGenes	1	Epithelial	PIP5K1B	Adipocyte	NA	0.20414926572432293
DistanceAssoGenes	1	Epithelial	CAT	Adipocyte	NA	0.1988371597995349
DistanceAssoGenes	1	Epithelial	TOP1MT	Adipocyte	NA	0.17352689754330497
DistanceAssoGenes	1	Epithelial	C1QTNF4	Adipocyte	NA	0.22688940424206977
DistanceAssoGenes	1	Epithelial	CBLN3	Adipocyte	NA	0.21343911019402223
DistanceAssoGenes	1	Epithelial	TUBE1	Adipocyte	NA	0.1904655351417594
DistanceAssoGenes	1	Epithelial	FANCA	Adipocyte	NA	0.13256761023534783
DistanceAssoGenes	1	Epithelial	HS3ST3A1	Adipocyte	NA	0.1890310758800689
DistanceAssoGenes	1	Epithelial	GNB5	Adipocyte	NA	0.22642401906274964
DistanceAssoGenes	1	Epithelial	CHMP4B	Adipocyte	NA	0.21860532188857223
DistanceAssoGenes	1	Epithelial	ATAD2B	Adipocyte	NA	0.21616108006166723
DistanceAssoGenes	1	Epithelial	HELZ	Adipocyte	NA	0.1884522571935872
DistanceAssoGenes	1	Epithelial	SETD4	Adipocyte	NA	0.18743571167331144
DistanceAssoGenes	1	Epithelial	RABAC1	Adipocyte	NA	0.19931103055205443
DistanceAssoGenes	1	Epithelial	RRAGD	Adipocyte	NA	0.1718020821168792
DistanceAssoGenes	1	Epithelial	PSME1	Adipocyte	NA	0.20276074012258602
DistanceAssoGenes	1	Epithelial	PRSS12	Adipocyte	NA	0.2042764485390085
DistanceAssoGenes	1	Epithelial	LITAF	Adipocyte	NA	0.18701331261627518
DistanceAssoGenes	1	Epithelial	DLG5	Adipocyte	NA	0.17418436534218146
DistanceAssoGenes	1	Epithelial	NRP2	Adipocyte	NA	0.21075349290718112
DistanceAssoGenes	1	Epithelial	ZNF502	Adipocyte	NA	0.215446725886852
DistanceAssoGenes	1	Epithelial	CAMLG	Adipocyte	NA	0.25277926092129305
DistanceAssoGenes	1	Epithelial	P2RY11	Adipocyte	NA	0.20739451482698495
DistanceAssoGenes	1	Epithelial	NCL	Adipocyte	NA	0.18857464848310498
DistanceAssoGenes	1	Epithelial	SMARCAL1	Adipocyte	NA	0.18081201368747202
DistanceAssoGenes	1	Epithelial	PITHD1	Adipocyte	NA	0.19453135202082042
DistanceAssoGenes	1	Epithelial	NEMP1	Adipocyte	NA	0.16281558965948897
DistanceAssoGenes	1	Epithelial	DFFA	Adipocyte	NA	0.19769393068743477
DistanceAssoGenes	1	Epithelial	IRX6	Adipocyte	NA	0.2101551343980131
DistanceAssoGenes	1	Epithelial	EXOSC6	Adipocyte	NA	0.21511845923726103
DistanceAssoGenes	1	Epithelial	SSC4D	Adipocyte	NA	0.19151752786644283
DistanceAssoGenes	1	Epithelial	LYG1	Adipocyte	NA	0.18550201413593384
DistanceAssoGenes	1	Epithelial	RASGRP3	Adipocyte	NA	0.1905649801199349
DistanceAssoGenes	1	Epithelial	NAPG	Adipocyte	NA	0.22022156356916192
DistanceAssoGenes	1	Epithelial	MED25	Adipocyte	NA	0.19828262358807536
DistanceAssoGenes	1	Epithelial	AXL	Adipocyte	NA	0.1927853734223008
DistanceAssoGenes	1	Epithelial	TMEM69	Adipocyte	NA	0.19246187056555972
DistanceAssoGenes	1	Epithelial	RNF168	Adipocyte	NA	0.19865050570009765
DistanceAssoGenes	1	Epithelial	RNF144A	Adipocyte	NA	0.1745918771115411
DistanceAssoGenes	1	Epithelial	BRAT1	Adipocyte	NA	0.1815661035490743
DistanceAssoGenes	1	Epithelial	ANKRD9	Adipocyte	NA	0.17810090224469638
DistanceAssoGenes	1	Epithelial	PLA2G12A	Adipocyte	NA	0.19763547261091147
DistanceAssoGenes	1	Epithelial	CHMP4C	Adipocyte	NA	0.21198920513586286
DistanceAssoGenes	1	Epithelial	IZUMO1	Adipocyte	NA	0.20574180546917942
DistanceAssoGenes	1	Epithelial	IFNAR2	Adipocyte	NA	0.2072669167120501
DistanceAssoGenes	1	Epithelial	MS4A14	Adipocyte	NA	0.2107859012098864
DistanceAssoGenes	1	Epithelial	PI4KA	Adipocyte	NA	0.18925454430687597
DistanceAssoGenes	1	Epithelial	ANKRD24	Adipocyte	NA	0.1702349401676892
DistanceAssoGenes	1	Epithelial	CYP4A11	Adipocyte	NA	0.19845190588365602
DistanceAssoGenes	1	Epithelial	ANKRD20A4	Adipocyte	NA	0.19864638348518518
DistanceAssoGenes	1	Epithelial	STX8	Adipocyte	NA	0.19162573039015857
DistanceAssoGenes	1	Epithelial	OXNAD1	Adipocyte	NA	0.20681836339677254
DistanceAssoGenes	1	Epithelial	ZMAT4	Adipocyte	NA	0.18550076696322038
DistanceAssoGenes	1	Epithelial	AP3M2	Adipocyte	NA	0.18771642125957677
ExprAssoGenes	1	Epithelial	RNF224	Adipocyte	CPT1B	0.4284681937136321
ExprAssoGenes	1	Epithelial	SLC30A9	Adipocyte	FAM208A	0.4284681937136321
ExprAssoGenes	1	Epithelial	CD300LG	Adipocyte	THBS4	0.4284681937136321
ExprAssoGenes	1	Epithelial	PIGC	Adipocyte	ACVR1B	0.4284681937136321
ExprAssoGenes	1	Epithelial	DAB1	Adipocyte	ZNF208	0.4284681937136321
ExprAssoGenes	1	Epithelial	SEPT5	Adipocyte	ABCA8	0.4284681937136321
ExprAssoGenes	1	Epithelial	RABIF	Adipocyte	PPFIA2	0.4284681937136321
ExprAssoGenes	1	Epithelial	FANCG	Adipocyte	CAPN1	0.4284681937136321
ExprAssoGenes	1	Epithelial	TMED9	Adipocyte	HSDL2	0.4284681937136321
ExprAssoGenes	1	Epithelial	ZNF396	Adipocyte	URAD	0.4284681937136321
ExprAssoGenes	1	Epithelial	TRIM58	Adipocyte	LIN52	0.4284681937136321
ExprAssoGenes	1	Epithelial	NTNG1	Adipocyte	ISG15	0.4284681937136321
ExprAssoGenes	1	Epithelial	SMIM19	Adipocyte	SEMA6C	0.4284681937136321
ExprAssoGenes	1	Epithelial	TMEM263	Adipocyte	ZNF169	0.4284681937136321
ExprAssoGenes	1	Epithelial	WDR93	Adipocyte	CCAR2	0.4284681937136321
ExprAssoGenes	1	Epithelial	ANKRD65	Adipocyte	DMRT2	0.4284681937136321
ExprAssoGenes	1	Epithelial	USP20	Adipocyte	FIBP	0.4284681937136321
ExprAssoGenes	1	Epithelial	FCER2	Adipocyte	LRRC34	0.4284681937136321
ExprAssoGenes	1	Epithelial	HACD4	Adipocyte	CENPBD1	0.4284681937136321
ExprAssoGenes	1	Epithelial	MOCS2	Adipocyte	WDR25	0.4284681937136321
ExprAssoGenes	1	Epithelial	TMEM170B	Adipocyte	CLDN20	0.4284681937136321
ExprAssoGenes	1	Epithelial	DHX8	Adipocyte	KANSL2	0.4284681937136321
ExprAssoGenes	1	Epithelial	OR52N4	Adipocyte	PLEKHM1	0.4284681937136321
ExprAssoGenes	1	Epithelial	RIC8A	Adipocyte	EEF2KMT	0.4284681937136321
ExprAssoGenes	1	Epithelial	USH1C	Adipocyte	BTBD9	0.4284681937136321
ExprAssoGenes	1	Epithelial	MMP27	Adipocyte	TLDC1	0.4284681937136321
ExprAssoGenes	1	Epithelial	CDK15	Adipocyte	ZBTB1	0.4284681937136321
ExprAssoGenes	1	Epithelial	OR2L13	Adipocyte	WRB	0.4284681937136321
ExprAssoGenes	1	Epithelial	NDUFS5	Adipocyte	SERPINF1	0.4284681937136321
ExprAssoGenes	1	Epithelial	PRMT6	Adipocyte	SRRT	0.4284681937136321
ExprAssoGenes	1	Epithelial	DENND4C	Adipocyte	NUP107	0.4284681937136321
ExprAssoGenes	1	Epithelial	TMEM128	Adipocyte	TMED4	0.4284681937136321
ExprAssoGenes	1	Epithelial	CPVL	Adipocyte	LRRFIP2	0.4284681937136321
ExprAssoGenes	1	Epithelial	HDLBP	Adipocyte	CLEC2B	0.4284681937136321
ExprAssoGenes	1	Epithelial	ZNF426	Adipocyte	EEFSEC	0.4284681937136321
ExprAssoGenes	1	Epithelial	ZMIZ2	Adipocyte	TPSB2	0.4284681937136321
ExprAssoGenes	1	Epithelial	SLC25A38	Adipocyte	POLI	0.4284681937136321
ExprAssoGenes	1	Epithelial	KCNN2	Adipocyte	RAPGEF5	0.4284681937136321
ExprAssoGenes	1	Epithelial	KCNC4	Adipocyte	TTLL12	0.4284681937136321
ExprAssoGenes	1	Epithelial	IL34	Adipocyte	C6orf48	0.4284681937136321
ExprAssoGenes	1	Epithelial	ZNF202	Adipocyte	MCOLN2	0.4284681937136321
ExprAssoGenes	1	Epithelial	RNGTT	Adipocyte	KCNMA1	0.4284681937136321
ExprAssoGenes	1	Epithelial	RHOQ	Adipocyte	NUDT18	0.4284681937136321
ExprAssoGenes	1	Epithelial	ARSB	Adipocyte	TSC22D1	0.4284681937136321
ExprAssoGenes	1	Epithelial	WDR27	Adipocyte	RAPGEF3	0.4284681937136321
ExprAssoGenes	1	Epithelial	PI4KA	Adipocyte	ADGRL4	0.4284681937136321
ExprAssoGenes	1	Epithelial	TNFRSF8	Adipocyte	AQP6	0.4284681937136321
ExprAssoGenes	1	Epithelial	YPEL3	Adipocyte	GOSR1	0.4284681937136321
ExprAssoGenes	1	Epithelial	MSLNL	Adipocyte	NUP43	0.4284681937136321
ExprAssoGenes	1	Epithelial	LRRC56	Adipocyte	FAM184A	0.4284681937136321
ExprAssoGenes	1	Epithelial	GSTM2	Adipocyte	RSPH4A	0.4284681937136321
ExprAssoGenes	1	Epithelial	G6PC3	Adipocyte	UQCRFS1	0.4284681937136321
ExprAssoGenes	1	Epithelial	SLC7A5	Adipocyte	SRGAP1	0.4284681937136321
ExprAssoGenes	1	Epithelial	ZNF681	Adipocyte	NIPSNAP1	0.4284681937136321
ExprAssoGenes	1	Epithelial	GVQW2	Adipocyte	GSTM3	0.4284681937136321
ExprAssoGenes	1	Epithelial	SPPL2B	Adipocyte	CMTM6	0.4284681937136321
ExprAssoGenes	1	Epithelial	TXNL1	Adipocyte	ZNF394	0.4284681937136321
ExprAssoGenes	1	Epithelial	MMAB	Adipocyte	KLHL36	0.4284681937136321
ExprAssoGenes	1	Epithelial	STAC	Adipocyte	CCDC7	0.4284681937136321
ExprAssoGenes	1	Epithelial	SPDL1	Adipocyte	RAB3GAP2	0.4284681937136321
ExprAssoGenes	1	Epithelial	SFT2D1	Adipocyte	CCR7	0.4284681937136321
ExprAssoGenes	1	Epithelial	DDX51	Adipocyte	DGCR6	0.4284681937136321
ExprAssoGenes	1	Epithelial	FAM200B	Adipocyte	WDR63	0.4284681937136321
ExprAssoGenes	1	Epithelial	ASIC3	Adipocyte	KANSL1	0.4284681937136321
ExprAssoGenes	1	Epithelial	ST13	Adipocyte	FUBP1	0.4284681937136321
ExprAssoGenes	1	Epithelial	AADAC	Adipocyte	AP3B2	0.4284681937136321
ExprAssoGenes	1	Epithelial	IQCA1L	Adipocyte	NKX6-1	0.4284681937136321
ExprAssoGenes	1	Epithelial	HMOX2	Adipocyte	ADRA2B	0.4284681937136321
ExprAssoGenes	1	Epithelial	PIGN	Adipocyte	TPPP3	0.4284681937136321
ExprAssoGenes	1	Epithelial	LRRC8B	Adipocyte	CCDC114	0.4284681937136321
ExprAssoGenes	1	Epithelial	SMAD4	Adipocyte	ZDHHC4	0.4284681937136321
ExprAssoGenes	1	Epithelial	MRO	Adipocyte	GPR17	0.4284681937136321
ExprAssoGenes	1	Epithelial	AKAP11	Adipocyte	FAM228A	0.4284681937136321
ExprAssoGenes	1	Epithelial	STIL	Adipocyte	IQCG	0.4284681937136321
ExprAssoGenes	1	Epithelial	C1QTNF9B	Adipocyte	KCTD10	0.4284681937136321
ExprAssoGenes	1	Epithelial	CHCHD5	Adipocyte	PTPN12	0.4284681937136321
ExprAssoGenes	1	Epithelial	CCDC24	Adipocyte	NAGLU	0.4284681937136321
ExprAssoGenes	1	Epithelial	CCDC137	Adipocyte	UPK3B	0.4284681937136321
ExprAssoGenes	1	Epithelial	ARMC1	Adipocyte	UBA2	0.4284681937136321
ExprAssoGenes	1	Epithelial	ACOX3	Adipocyte	MRGPRX3	0.4284681937136321
ExprAssoGenes	1	Epithelial	TDRD6	Adipocyte	NINJ1	0.4284681937136321
ExprAssoGenes	1	Epithelial	SMCHD1	Adipocyte	MICA	0.4284681937136321
ExprAssoGenes	1	Epithelial	C9orf72	Adipocyte	CCDC13	0.4284681937136321
ExprAssoGenes	1	Epithelial	TNFRSF18	Adipocyte	HFM1	0.4284681937136321
ExprAssoGenes	1	Epithelial	DPP9	Adipocyte	IMMP2L	0.4284681937136321
ExprAssoGenes	1	Epithelial	CPLX1	Adipocyte	CHRAC1	0.4284681937136321
ExprAssoGenes	1	Epithelial	CTBP1	Adipocyte	JKAMP	0.4284681937136321
ExprAssoGenes	1	Epithelial	TRPV3	Adipocyte	ZNF556	0.4284681937136321
ExprAssoGenes	1	Epithelial	GOT2	Adipocyte	CNOT7	0.4284681937136321
ExprAssoGenes	1	Epithelial	MROH8	Adipocyte	TBC1D9B	0.4284681937136321
ExprAssoGenes	1	Epithelial	ITGB6	Adipocyte	SMNDC1	0.4284681937136321
ExprAssoGenes	1	Epithelial	PJA2	Adipocyte	WDR60	0.4284681937136321
ExprAssoGenes	1	Epithelial	DTX1	Adipocyte	WDR86	0.4284681937136321
ExprAssoGenes	1	Epithelial	ADGRE2	Adipocyte	CHEK2	0.4284681937136321
ExprAssoGenes	1	Epithelial	SCD5	Adipocyte	GCC2	0.4284681937136321
ExprAssoGenes	1	Epithelial	P2RX4	Adipocyte	HPS4	0.4284681937136321
ExprAssoGenes	1	Epithelial	P4HTM	Adipocyte	NUPL2	0.4284681937136321
ExprAssoGenes	1	Epithelial	MED11	Adipocyte	CALHM2	0.4284681937136321
ExprAssoGenes	1	Epithelial	CEACAM19	Adipocyte	TOM1L2	0.4284681937136321
ExprAssoGenes	1	Epithelial	PRR4	Adipocyte	ZFP69	0.4284681937136321
ExprAssoGenes	1	Epithelial	FDPS	Adipocyte	LIAS	0.4284681937136321
ExprAssoGenes	1	Epithelial	USP37	Adipocyte	MESP1	0.4284681937136321
ExprAssoGenes	1	Epithelial	SYT15	Adipocyte	TGS1	0.4284681937136321
ExprAssoGenes	1	Epithelial	ARFIP1	Adipocyte	POLDIP2	0.4284681937136321
ExprAssoGenes	1	Epithelial	FPR1	Adipocyte	PSMB7	0.4284681937136321
ExprAssoGenes	1	Epithelial	ANO3	Adipocyte	HSD17B12	0.4284681937136321
ExprAssoGenes	1	Epithelial	NYNRIN	Adipocyte	SYNPO2	0.4284681937136321
ExprAssoGenes	1	Epithelial	BPI	Adipocyte	OGFOD3	0.4284681937136321
ExprAssoGenes	1	Epithelial	LPCAT3	Adipocyte	TYW3	0.4284681937136321
ExprAssoGenes	1	Epithelial	PUS10	Adipocyte	SCIN	0.4284681937136321
ExprAssoGenes	1	Epithelial	MTO1	Adipocyte	BDH2	0.4284681937136321
ExprAssoGenes	1	Epithelial	ZNF311	Adipocyte	DRAP1	0.4284681937136321
ExprAssoGenes	1	Epithelial	FAM69A	Adipocyte	SNRPF	0.4284681937136321
ExprAssoGenes	1	Epithelial	ZNF14	Adipocyte	FCN2	0.4284681937136321
ExprAssoGenes	1	Epithelial	ERI2	Adipocyte	FZR1	0.4284681937136321
ExprAssoGenes	1	Epithelial	LOXL1	Adipocyte	KNDC1	0.4284681937136321
ExprAssoGenes	1	Epithelial	HLA-DRA	Adipocyte	LIG3	0.4284681937136321
ExprAssoGenes	1	Epithelial	RAB2A	Adipocyte	GHRL	0.4284681937136321
ExprAssoGenes	1	Epithelial	DRAM2	Adipocyte	STK31	0.4284681937136321
ExprAssoGenes	1	Epithelial	SLC25A30	Adipocyte	B3GALT4	0.4284681937136321
ExprAssoGenes	1	Epithelial	IZUMO1	Adipocyte	MFSD14B	0.4284681937136321
ExprAssoGenes	1	Epithelial	FANCF	Adipocyte	SLC46A1	0.4284681937136321
ExprAssoGenes	1	Epithelial	DOCK8	Adipocyte	EXOG	0.4284681937136321
ExprAssoGenes	1	Epithelial	PIGV	Adipocyte	MXD3	0.4284681937136321
ExprAssoGenes	1	Epithelial	ZNF414	Adipocyte	ZNF708	0.4284681937136321
ExprAssoGenes	1	Epithelial	EXOC2	Adipocyte	TBRG4	0.4284681937136321
ExprAssoGenes	1	Epithelial	ALG12	Adipocyte	TTC37	0.4284681937136321
ExprAssoGenes	1	Epithelial	EVC	Adipocyte	BOD1L1	0.4284681937136321
ExprAssoGenes	1	Epithelial	PICALM	Adipocyte	NMNAT3	0.4284681937136321
ExprAssoGenes	1	Epithelial	NUDT4	Adipocyte	RPAP1	0.4284681937136321
ExprAssoGenes	1	Epithelial	IPPK	Adipocyte	PRIMPOL	0.4284681937136321
ExprAssoGenes	1	Epithelial	MDK	Adipocyte	DPT	0.4284681937136321
ExprAssoGenes	1	Epithelial	DDX59	Adipocyte	SOD1	0.4284681937136321
ExprAssoGenes	1	Epithelial	GOLGA6L10	Adipocyte	ZNF740	0.4284681937136321
ExprAssoGenes	1	Epithelial	SLC25A32	Adipocyte	YJEFN3	0.4284681937136321
ExprAssoGenes	1	Epithelial	ATP1B1	Adipocyte	PRKCA	0.4284681937136321
ExprAssoGenes	1	Epithelial	MYL9	Adipocyte	TACSTD2	0.4284681937136321
ExprAssoGenes	1	Epithelial	FAM219B	Adipocyte	TSSK3	0.4284681937136321
ExprAssoGenes	1	Epithelial	SLC18B1	Adipocyte	TMEM123	0.4284681937136321
ExprAssoGenes	1	Epithelial	PRKD2	Adipocyte	SEMA4D	0.4284681937136321
ExprAssoGenes	1	Epithelial	PCGF2	Adipocyte	MMS22L	0.4284681937136321
ExprAssoGenes	1	Epithelial	ERICH6	Adipocyte	CDK10	0.4284681937136321
ExprAssoGenes	1	Epithelial	SETD4	Adipocyte	LRRC71	0.4284681937136321
ExprAssoGenes	1	Epithelial	PPP1R3G	Adipocyte	ZNF221	0.4284681937136321
ExprAssoGenes	1	Epithelial	TIPIN	Adipocyte	PIGBOS1	0.4284681937136321
ExprAssoGenes	1	Epithelial	ZNF839	Adipocyte	IMMP1L	0.4284681937136321
ExprAssoGenes	1	Epithelial	CKAP2	Adipocyte	RAD9A	0.4284681937136321
ExprAssoGenes	1	Epithelial	PEX16	Adipocyte	AGBL3	0.4284681937136321
ExprAssoGenes	1	Epithelial	CAPN10	Adipocyte	DNAL1	0.4284681937136321
ExprAssoGenes	1	Epithelial	ENDOD1	Adipocyte	C2CD4C	0.4284681937136321
ExprAssoGenes	1	Epithelial	TOP3A	Adipocyte	AL645728.1	0.4284681937136321
ExprAssoGenes	1	Epithelial	GNPDA2	Adipocyte	TOX4	0.4284681937136321
ExprAssoGenes	1	Epithelial	PILRA	Adipocyte	SEH1L	0.4284681937136321
ExprAssoGenes	1	Epithelial	KIN	Adipocyte	FES	0.4284681937136321
ExprAssoGenes	1	Epithelial	ZNRD1	Adipocyte	USP6	0.4284681937136321
ExprAssoGenes	1	Epithelial	SPATA20	Adipocyte	SLC12A2	0.4284681937136321
ExprAssoGenes	1	Epithelial	GPRC5B	Adipocyte	SGSM2	0.4284681937136321
ExprAssoGenes	1	Epithelial	EDNRA	Adipocyte	RBL2	0.4284681937136321
ExprAssoGenes	1	Epithelial	TTC21B	Adipocyte	SMIM8	0.4284681937136321
ExprAssoGenes	1	Epithelial	CD55	Adipocyte	NME6	0.4284681937136321
ExprAssoGenes	1	Epithelial	C15orf41	Adipocyte	BCAP29	0.4284681937136321
ExprAssoGenes	1	Epithelial	TMTC1	Adipocyte	CCDC186	0.4284681937136321
ExprAssoGenes	1	Epithelial	NEU4	Adipocyte	TAF2	0.4284681937136321
ExprAssoGenes	1	Epithelial	FAAH	Adipocyte	SPARCL1	0.4284681937136321
ExprAssoGenes	1	Epithelial	XXYLT1	Adipocyte	ANKRD30A	0.4284681937136321
ExprAssoGenes	1	Epithelial	ATP6AP1L	Adipocyte	CYP1B1	0.4284681937136321
ExprAssoGenes	1	Epithelial	SCIMP	Adipocyte	ZG16B	0.4284681937136321
ExprAssoGenes	1	Epithelial	TMEM170A	Adipocyte	SLC13A3	0.4284681937136321
ExprAssoGenes	1	Epithelial	TBC1D20	Adipocyte	RNF144A	0.4284681937136321
ExprAssoGenes	1	Epithelial	TRIM69	Adipocyte	MAN1C1	0.4284681937136321
ExprAssoGenes	1	Epithelial	CAMSAP1	Adipocyte	BBS2	0.4284681937136321
ExprAssoGenes	1	Epithelial	GNL3	Adipocyte	XRRA1	0.4284681937136321
ExprAssoGenes	1	Epithelial	COL6A1	Adipocyte	LY6G5C	0.4284681937136321
ExprAssoGenes	1	Epithelial	VTI1B	Adipocyte	APBB1IP	0.4284681937136321
ExprAssoGenes	1	Epithelial	MAT2B	Adipocyte	PLGRKT	0.4284681937136321
ExprAssoGenes	1	Epithelial	DSCC1	Adipocyte	HLA-B	0.4284681937136321
ExprAssoGenes	1	Epithelial	ATF1	Adipocyte	SRD5A3	0.4284681937136321
ExprAssoGenes	1	Epithelial	PAPLN	Adipocyte	PCP2	0.4284681937136321
ExprAssoGenes	1	Epithelial	DDT	Adipocyte	CNTLN	0.4284681937136321
ExprAssoGenes	1	Epithelial	TUSC1	Adipocyte	ZNF784	0.4284681937136321
ExprAssoGenes	1	Epithelial	UTP14C	Adipocyte	NRBP1	0.4284681937136321
ExprAssoGenes	1	Epithelial	CDH8	Adipocyte	P2RY12	0.4284681937136321
ExprAssoGenes	1	Epithelial	SFMBT1	Adipocyte	HRNR	0.4284681937136321
ExprAssoGenes	1	Epithelial	DTYMK	Adipocyte	SNX32	0.4284681937136321
ExprAssoGenes	1	Epithelial	ABCF1	Adipocyte	IVD	0.4284681937136321
ExprAssoGenes	1	Epithelial	SLC27A2	Adipocyte	SLC22A1	0.4284681937136321
ExprAssoGenes	1	Epithelial	FUT1	Adipocyte	ACSF3	0.4284681937136321
ExprAssoGenes	1	Epithelial	IRAK1BP1	Adipocyte	NBEAL2	0.4284681937136321
ExprAssoGenes	1	Epithelial	ZNF181	Adipocyte	RECQL5	0.4284681937136321
ExprAssoGenes	1	Epithelial	CCDC78	Adipocyte	FZD6	0.4284681937136321
ExprAssoGenes	1	Epithelial	DNM2	Adipocyte	PARP10	0.4284681937136321
ExprAssoGenes	1	Epithelial	PDCD11	Adipocyte	EFHD1	0.4284681937136321
ExprAssoGenes	1	Epithelial	DCPS	Adipocyte	NEURL1B	0.4284681937136321
ExprAssoGenes	1	Epithelial	FGD3	Adipocyte	ZNF649	0.4284681937136321
ExprAssoGenes	1	Epithelial	POLR2D	Adipocyte	TEX9	0.4284681937136321
ExprAssoGenes	1	Epithelial	BHMT	Adipocyte	USP40	0.4284681937136321
ExprAssoGenes	1	Epithelial	ABCA7	Adipocyte	SLX4IP	0.4284681937136321
ExprAssoGenes	1	Epithelial	TRPM4	Adipocyte	OR51E1	0.4284681937136321
ExprAssoGenes	1	Epithelial	CEP44	Adipocyte	FLOT1	0.4284681937136321
ExprAssoGenes	1	Epithelial	NNT	Adipocyte	ZFP14	0.4284681937136321
ExprAssoGenes	1	Epithelial	CYB561D2	Adipocyte	ITIH4	0.4284681937136321
ExprAssoGenes	1	Epithelial	STX19	Adipocyte	ADAMTS13	0.4284681937136321
ExprAssoGenes	1	Epithelial	SRSF12	Adipocyte	MFHAS1	0.4284681937136321
ExprAssoGenes	1	Epithelial	GBP3	Adipocyte	PCDHB16	0.4284681937136321
ExprAssoGenes	1	Epithelial	CAPRIN2	Adipocyte	SLC38A9	0.4284681937136321
ExprAssoGenes	1	Epithelial	SHISA5	Adipocyte	DTX4	0.4284681937136321
ExprAssoGenes	1	Epithelial	SCGB2A1	Adipocyte	DIRC1	0.4284681937136321
ExprAssoGenes	1	Epithelial	CNRIP1	Adipocyte	GDI2	0.4284681937136321
ExprAssoGenes	1	Epithelial	WDYHV1	Adipocyte	GIMAP8	0.4284681937136321
ExprAssoGenes	1	Epithelial	ADAM33	Adipocyte	GATAD1	0.4284681937136321
ExprAssoGenes	1	Epithelial	TNNT3	Adipocyte	SNAPC1	0.4284681937136321
ExprAssoGenes	1	Epithelial	NCKIPSD	Adipocyte	C19orf54	0.4284681937136321
ExprAssoGenes	1	Epithelial	BIRC7	Adipocyte	WDR6	0.4284681937136321
ExprAssoGenes	1	Epithelial	RBM23	Adipocyte	TBC1D1	0.4284681937136321
ExprAssoGenes	1	Epithelial	KIR3DL1	Adipocyte	AP1AR	0.4284681937136321
ExprAssoGenes	1	Epithelial	AADAT	Adipocyte	CAPS	0.4284681937136321
ExprAssoGenes	1	Epithelial	CCL24	Adipocyte	CORO1A	0.4284681937136321
ExprAssoGenes	1	Epithelial	ZNF596	Adipocyte	RDH5	0.4284681937136321
ExprAssoGenes	1	Epithelial	ZNF841	Adipocyte	ALS2	0.4284681937136321
ExprAssoGenes	1	Epithelial	ZNF717	Adipocyte	ZNF493	0.4284681937136321
ExprAssoGenes	1	Epithelial	NMNAT2	Adipocyte	APOBEC3D	0.4284681937136321
ExprAssoGenes	1	Epithelial	GLTP	Adipocyte	CCDC157	0.4284681937136321
ExprAssoGenes	1	Epithelial	DDX5	Adipocyte	PLA2G6	0.4284681937136321
ExprAssoGenes	1	Epithelial	LSM2	Adipocyte	TRAPPC6A	0.4284681937136321
ExprAssoGenes	1	Epithelial	GLB1L	Adipocyte	TBC1D3L	0.4284681937136321
ExprAssoGenes	1	Epithelial	GTF2H2C	Adipocyte	THBS3	0.4284681937136321
ExprAssoGenes	1	Epithelial	TMF1	Adipocyte	LINGO4	0.4284681937136321
ExprAssoGenes	1	Epithelial	EXOC3	Adipocyte	BTBD1	0.4284681937136321
ExprAssoGenes	1	Epithelial	WBP2NL	Adipocyte	ZCCHC4	0.4284681937136321
ExprAssoGenes	1	Epithelial	EPB41L4A	Adipocyte	KIAA1109	0.4284681937136321
ExprAssoGenes	1	Epithelial	PAAF1	Adipocyte	PBX1	0.4284681937136321
ExprAssoGenes	1	Epithelial	COL26A1	Adipocyte	BDP1	0.4284681937136321
ExprAssoGenes	1	Epithelial	SOHLH2	Adipocyte	GALNT18	0.4284681937136321
ExprAssoGenes	1	Epithelial	RAB6A	Adipocyte	RAB34	0.4284681937136321
ExprAssoGenes	1	Epithelial	FGFBP2	Adipocyte	TRIM66	0.4284681937136321
ExprAssoGenes	1	Epithelial	SMPDL3B	Adipocyte	CHMP4B	0.4284681937136321
ExprAssoGenes	1	Epithelial	IL15RA	Adipocyte	VANGL1	0.4284681937136321
ExprAssoGenes	1	Epithelial	LZTS2	Adipocyte	ANKRD23	0.4284681937136321
ExprAssoGenes	1	Adipocyte	CPT1B	Epithelial	RNF224	0.4284681937136321
ExprAssoGenes	1	Adipocyte	FAM208A	Epithelial	SLC30A9	0.4284681937136321
ExprAssoGenes	1	Adipocyte	THBS4	Epithelial	CD300LG	0.4284681937136321
ExprAssoGenes	1	Adipocyte	ACVR1B	Epithelial	PIGC	0.4284681937136321
ExprAssoGenes	1	Adipocyte	ZNF208	Epithelial	DAB1	0.4284681937136321
ExprAssoGenes	1	Adipocyte	ABCA8	Epithelial	SEPT5	0.4284681937136321
ExprAssoGenes	1	Adipocyte	PPFIA2	Epithelial	RABIF	0.4284681937136321
ExprAssoGenes	1	Adipocyte	CAPN1	Epithelial	FANCG	0.4284681937136321
ExprAssoGenes	1	Adipocyte	HSDL2	Epithelial	TMED9	0.4284681937136321
ExprAssoGenes	1	Adipocyte	URAD	Epithelial	ZNF396	0.4284681937136321
ExprAssoGenes	1	Adipocyte	LIN52	Epithelial	TRIM58	0.4284681937136321
ExprAssoGenes	1	Adipocyte	ISG15	Epithelial	NTNG1	0.4284681937136321
ExprAssoGenes	1	Adipocyte	SEMA6C	Epithelial	SMIM19	0.4284681937136321
ExprAssoGenes	1	Adipocyte	ZNF169	Epithelial	TMEM263	0.4284681937136321
ExprAssoGenes	1	Adipocyte	CCAR2	Epithelial	WDR93	0.4284681937136321
ExprAssoGenes	1	Adipocyte	DMRT2	Epithelial	ANKRD65	0.4284681937136321
ExprAssoGenes	1	Adipocyte	FIBP	Epithelial	USP20	0.4284681937136321
ExprAssoGenes	1	Adipocyte	LRRC34	Epithelial	FCER2	0.4284681937136321
ExprAssoGenes	1	Adipocyte	CENPBD1	Epithelial	HACD4	0.4284681937136321
ExprAssoGenes	1	Adipocyte	WDR25	Epithelial	MOCS2	0.4284681937136321
ExprAssoGenes	1	Adipocyte	CLDN20	Epithelial	TMEM170B	0.4284681937136321
ExprAssoGenes	1	Adipocyte	KANSL2	Epithelial	DHX8	0.4284681937136321
ExprAssoGenes	1	Adipocyte	PLEKHM1	Epithelial	OR52N4	0.4284681937136321
ExprAssoGenes	1	Adipocyte	EEF2KMT	Epithelial	RIC8A	0.4284681937136321
ExprAssoGenes	1	Adipocyte	BTBD9	Epithelial	USH1C	0.4284681937136321
ExprAssoGenes	1	Adipocyte	TLDC1	Epithelial	MMP27	0.4284681937136321
ExprAssoGenes	1	Adipocyte	ZBTB1	Epithelial	CDK15	0.4284681937136321
ExprAssoGenes	1	Adipocyte	WRB	Epithelial	OR2L13	0.4284681937136321
ExprAssoGenes	1	Adipocyte	SERPINF1	Epithelial	NDUFS5	0.4284681937136321
ExprAssoGenes	1	Adipocyte	SRRT	Epithelial	PRMT6	0.4284681937136321
ExprAssoGenes	1	Adipocyte	NUP107	Epithelial	DENND4C	0.4284681937136321
ExprAssoGenes	1	Adipocyte	TMED4	Epithelial	TMEM128	0.4284681937136321
ExprAssoGenes	1	Adipocyte	LRRFIP2	Epithelial	CPVL	0.4284681937136321
ExprAssoGenes	1	Adipocyte	CLEC2B	Epithelial	HDLBP	0.4284681937136321
ExprAssoGenes	1	Adipocyte	EEFSEC	Epithelial	ZNF426	0.4284681937136321
ExprAssoGenes	1	Adipocyte	TPSB2	Epithelial	ZMIZ2	0.4284681937136321
ExprAssoGenes	1	Adipocyte	POLI	Epithelial	SLC25A38	0.4284681937136321
ExprAssoGenes	1	Adipocyte	RAPGEF5	Epithelial	KCNN2	0.4284681937136321
ExprAssoGenes	1	Adipocyte	TTLL12	Epithelial	KCNC4	0.4284681937136321
ExprAssoGenes	1	Adipocyte	C6orf48	Epithelial	IL34	0.4284681937136321
ExprAssoGenes	1	Adipocyte	MCOLN2	Epithelial	ZNF202	0.4284681937136321
ExprAssoGenes	1	Adipocyte	KCNMA1	Epithelial	RNGTT	0.4284681937136321
ExprAssoGenes	1	Adipocyte	NUDT18	Epithelial	RHOQ	0.4284681937136321
ExprAssoGenes	1	Adipocyte	TSC22D1	Epithelial	ARSB	0.4284681937136321
ExprAssoGenes	1	Adipocyte	RAPGEF3	Epithelial	WDR27	0.4284681937136321
ExprAssoGenes	1	Adipocyte	ADGRL4	Epithelial	PI4KA	0.4284681937136321
ExprAssoGenes	1	Adipocyte	AQP6	Epithelial	TNFRSF8	0.4284681937136321
ExprAssoGenes	1	Adipocyte	GOSR1	Epithelial	YPEL3	0.4284681937136321
ExprAssoGenes	1	Adipocyte	NUP43	Epithelial	MSLNL	0.4284681937136321
ExprAssoGenes	1	Adipocyte	FAM184A	Epithelial	LRRC56	0.4284681937136321
ExprAssoGenes	1	Adipocyte	RSPH4A	Epithelial	GSTM2	0.4284681937136321
ExprAssoGenes	1	Adipocyte	UQCRFS1	Epithelial	G6PC3	0.4284681937136321
ExprAssoGenes	1	Adipocyte	SRGAP1	Epithelial	SLC7A5	0.4284681937136321
ExprAssoGenes	1	Adipocyte	NIPSNAP1	Epithelial	ZNF681	0.4284681937136321
ExprAssoGenes	1	Adipocyte	GSTM3	Epithelial	GVQW2	0.4284681937136321
ExprAssoGenes	1	Adipocyte	CMTM6	Epithelial	SPPL2B	0.4284681937136321
ExprAssoGenes	1	Adipocyte	ZNF394	Epithelial	TXNL1	0.4284681937136321
ExprAssoGenes	1	Adipocyte	KLHL36	Epithelial	MMAB	0.4284681937136321
ExprAssoGenes	1	Adipocyte	CCDC7	Epithelial	STAC	0.4284681937136321
ExprAssoGenes	1	Adipocyte	RAB3GAP2	Epithelial	SPDL1	0.4284681937136321
ExprAssoGenes	1	Adipocyte	CCR7	Epithelial	SFT2D1	0.4284681937136321
ExprAssoGenes	1	Adipocyte	DGCR6	Epithelial	DDX51	0.4284681937136321
ExprAssoGenes	1	Adipocyte	WDR63	Epithelial	FAM200B	0.4284681937136321
ExprAssoGenes	1	Adipocyte	KANSL1	Epithelial	ASIC3	0.4284681937136321
ExprAssoGenes	1	Adipocyte	FUBP1	Epithelial	ST13	0.4284681937136321
ExprAssoGenes	1	Adipocyte	AP3B2	Epithelial	AADAC	0.4284681937136321
ExprAssoGenes	1	Adipocyte	NKX6-1	Epithelial	IQCA1L	0.4284681937136321
ExprAssoGenes	1	Adipocyte	ADRA2B	Epithelial	HMOX2	0.4284681937136321
ExprAssoGenes	1	Adipocyte	TPPP3	Epithelial	PIGN	0.4284681937136321
ExprAssoGenes	1	Adipocyte	CCDC114	Epithelial	LRRC8B	0.4284681937136321
ExprAssoGenes	1	Adipocyte	ZDHHC4	Epithelial	SMAD4	0.4284681937136321
ExprAssoGenes	1	Adipocyte	GPR17	Epithelial	MRO	0.4284681937136321
ExprAssoGenes	1	Adipocyte	FAM228A	Epithelial	AKAP11	0.4284681937136321
ExprAssoGenes	1	Adipocyte	IQCG	Epithelial	STIL	0.4284681937136321
ExprAssoGenes	1	Adipocyte	KCTD10	Epithelial	C1QTNF9B	0.4284681937136321
ExprAssoGenes	1	Adipocyte	PTPN12	Epithelial	CHCHD5	0.4284681937136321
ExprAssoGenes	1	Adipocyte	NAGLU	Epithelial	CCDC24	0.4284681937136321
ExprAssoGenes	1	Adipocyte	UPK3B	Epithelial	CCDC137	0.4284681937136321
ExprAssoGenes	1	Adipocyte	UBA2	Epithelial	ARMC1	0.4284681937136321
ExprAssoGenes	1	Adipocyte	MRGPRX3	Epithelial	ACOX3	0.4284681937136321
ExprAssoGenes	1	Adipocyte	NINJ1	Epithelial	TDRD6	0.4284681937136321
ExprAssoGenes	1	Adipocyte	MICA	Epithelial	SMCHD1	0.4284681937136321
ExprAssoGenes	1	Adipocyte	CCDC13	Epithelial	C9orf72	0.4284681937136321
ExprAssoGenes	1	Adipocyte	HFM1	Epithelial	TNFRSF18	0.4284681937136321
ExprAssoGenes	1	Adipocyte	IMMP2L	Epithelial	DPP9	0.4284681937136321
ExprAssoGenes	1	Adipocyte	CHRAC1	Epithelial	CPLX1	0.4284681937136321
ExprAssoGenes	1	Adipocyte	JKAMP	Epithelial	CTBP1	0.4284681937136321
ExprAssoGenes	1	Adipocyte	ZNF556	Epithelial	TRPV3	0.4284681937136321
ExprAssoGenes	1	Adipocyte	CNOT7	Epithelial	GOT2	0.4284681937136321
ExprAssoGenes	1	Adipocyte	TBC1D9B	Epithelial	MROH8	0.4284681937136321
ExprAssoGenes	1	Adipocyte	SMNDC1	Epithelial	ITGB6	0.4284681937136321
ExprAssoGenes	1	Adipocyte	WDR60	Epithelial	PJA2	0.4284681937136321
ExprAssoGenes	1	Adipocyte	WDR86	Epithelial	DTX1	0.4284681937136321
ExprAssoGenes	1	Adipocyte	CHEK2	Epithelial	ADGRE2	0.4284681937136321
ExprAssoGenes	1	Adipocyte	GCC2	Epithelial	SCD5	0.4284681937136321
ExprAssoGenes	1	Adipocyte	HPS4	Epithelial	P2RX4	0.4284681937136321
ExprAssoGenes	1	Adipocyte	NUPL2	Epithelial	P4HTM	0.4284681937136321
ExprAssoGenes	1	Adipocyte	CALHM2	Epithelial	MED11	0.4284681937136321
ExprAssoGenes	1	Adipocyte	TOM1L2	Epithelial	CEACAM19	0.4284681937136321
ExprAssoGenes	1	Adipocyte	ZFP69	Epithelial	PRR4	0.4284681937136321
ExprAssoGenes	1	Adipocyte	LIAS	Epithelial	FDPS	0.4284681937136321
ExprAssoGenes	1	Adipocyte	MESP1	Epithelial	USP37	0.4284681937136321
ExprAssoGenes	1	Adipocyte	TGS1	Epithelial	SYT15	0.4284681937136321
ExprAssoGenes	1	Adipocyte	POLDIP2	Epithelial	ARFIP1	0.4284681937136321
ExprAssoGenes	1	Adipocyte	PSMB7	Epithelial	FPR1	0.4284681937136321
ExprAssoGenes	1	Adipocyte	HSD17B12	Epithelial	ANO3	0.4284681937136321
ExprAssoGenes	1	Adipocyte	SYNPO2	Epithelial	NYNRIN	0.4284681937136321
ExprAssoGenes	1	Adipocyte	OGFOD3	Epithelial	BPI	0.4284681937136321
ExprAssoGenes	1	Adipocyte	TYW3	Epithelial	LPCAT3	0.4284681937136321
ExprAssoGenes	1	Adipocyte	SCIN	Epithelial	PUS10	0.4284681937136321
ExprAssoGenes	1	Adipocyte	BDH2	Epithelial	MTO1	0.4284681937136321
ExprAssoGenes	1	Adipocyte	DRAP1	Epithelial	ZNF311	0.4284681937136321
ExprAssoGenes	1	Adipocyte	SNRPF	Epithelial	FAM69A	0.4284681937136321
ExprAssoGenes	1	Adipocyte	FCN2	Epithelial	ZNF14	0.4284681937136321
ExprAssoGenes	1	Adipocyte	FZR1	Epithelial	ERI2	0.4284681937136321
ExprAssoGenes	1	Adipocyte	KNDC1	Epithelial	LOXL1	0.4284681937136321
ExprAssoGenes	1	Adipocyte	LIG3	Epithelial	HLA-DRA	0.4284681937136321
ExprAssoGenes	1	Adipocyte	GHRL	Epithelial	RAB2A	0.4284681937136321
ExprAssoGenes	1	Adipocyte	STK31	Epithelial	DRAM2	0.4284681937136321
ExprAssoGenes	1	Adipocyte	B3GALT4	Epithelial	SLC25A30	0.4284681937136321
ExprAssoGenes	1	Adipocyte	MFSD14B	Epithelial	IZUMO1	0.4284681937136321
ExprAssoGenes	1	Adipocyte	SLC46A1	Epithelial	FANCF	0.4284681937136321
ExprAssoGenes	1	Adipocyte	EXOG	Epithelial	DOCK8	0.4284681937136321
ExprAssoGenes	1	Adipocyte	MXD3	Epithelial	PIGV	0.4284681937136321
ExprAssoGenes	1	Adipocyte	ZNF708	Epithelial	ZNF414	0.4284681937136321
ExprAssoGenes	1	Adipocyte	TBRG4	Epithelial	EXOC2	0.4284681937136321
ExprAssoGenes	1	Adipocyte	TTC37	Epithelial	ALG12	0.4284681937136321
ExprAssoGenes	1	Adipocyte	BOD1L1	Epithelial	EVC	0.4284681937136321
ExprAssoGenes	1	Adipocyte	NMNAT3	Epithelial	PICALM	0.4284681937136321
ExprAssoGenes	1	Adipocyte	RPAP1	Epithelial	NUDT4	0.4284681937136321
ExprAssoGenes	1	Adipocyte	PRIMPOL	Epithelial	IPPK	0.4284681937136321
ExprAssoGenes	1	Adipocyte	DPT	Epithelial	MDK	0.4284681937136321
ExprAssoGenes	1	Adipocyte	SOD1	Epithelial	DDX59	0.4284681937136321
ExprAssoGenes	1	Adipocyte	ZNF740	Epithelial	GOLGA6L10	0.4284681937136321
ExprAssoGenes	1	Adipocyte	YJEFN3	Epithelial	SLC25A32	0.4284681937136321
ExprAssoGenes	1	Adipocyte	PRKCA	Epithelial	ATP1B1	0.4284681937136321
ExprAssoGenes	1	Adipocyte	TACSTD2	Epithelial	MYL9	0.4284681937136321
ExprAssoGenes	1	Adipocyte	TSSK3	Epithelial	FAM219B	0.4284681937136321
ExprAssoGenes	1	Adipocyte	TMEM123	Epithelial	SLC18B1	0.4284681937136321
ExprAssoGenes	1	Adipocyte	SEMA4D	Epithelial	PRKD2	0.4284681937136321
ExprAssoGenes	1	Adipocyte	MMS22L	Epithelial	PCGF2	0.4284681937136321
ExprAssoGenes	1	Adipocyte	CDK10	Epithelial	ERICH6	0.4284681937136321
ExprAssoGenes	1	Adipocyte	LRRC71	Epithelial	SETD4	0.4284681937136321
ExprAssoGenes	1	Adipocyte	ZNF221	Epithelial	PPP1R3G	0.4284681937136321
ExprAssoGenes	1	Adipocyte	PIGBOS1	Epithelial	TIPIN	0.4284681937136321
ExprAssoGenes	1	Adipocyte	IMMP1L	Epithelial	ZNF839	0.4284681937136321
ExprAssoGenes	1	Adipocyte	RAD9A	Epithelial	CKAP2	0.4284681937136321
ExprAssoGenes	1	Adipocyte	AGBL3	Epithelial	PEX16	0.4284681937136321
ExprAssoGenes	1	Adipocyte	DNAL1	Epithelial	CAPN10	0.4284681937136321
ExprAssoGenes	1	Adipocyte	C2CD4C	Epithelial	ENDOD1	0.4284681937136321
ExprAssoGenes	1	Adipocyte	AL645728.1	Epithelial	TOP3A	0.4284681937136321
ExprAssoGenes	1	Adipocyte	TOX4	Epithelial	GNPDA2	0.4284681937136321
ExprAssoGenes	1	Adipocyte	SEH1L	Epithelial	PILRA	0.4284681937136321
ExprAssoGenes	1	Adipocyte	FES	Epithelial	KIN	0.4284681937136321
ExprAssoGenes	1	Adipocyte	USP6	Epithelial	ZNRD1	0.4284681937136321
ExprAssoGenes	1	Adipocyte	SLC12A2	Epithelial	SPATA20	0.4284681937136321
ExprAssoGenes	1	Adipocyte	SGSM2	Epithelial	GPRC5B	0.4284681937136321
ExprAssoGenes	1	Adipocyte	RBL2	Epithelial	EDNRA	0.4284681937136321
ExprAssoGenes	1	Adipocyte	SMIM8	Epithelial	TTC21B	0.4284681937136321
ExprAssoGenes	1	Adipocyte	NME6	Epithelial	CD55	0.4284681937136321
ExprAssoGenes	1	Adipocyte	BCAP29	Epithelial	C15orf41	0.4284681937136321
ExprAssoGenes	1	Adipocyte	CCDC186	Epithelial	TMTC1	0.4284681937136321
ExprAssoGenes	1	Adipocyte	TAF2	Epithelial	NEU4	0.4284681937136321
ExprAssoGenes	1	Adipocyte	SPARCL1	Epithelial	FAAH	0.4284681937136321
ExprAssoGenes	1	Adipocyte	ANKRD30A	Epithelial	XXYLT1	0.4284681937136321
ExprAssoGenes	1	Adipocyte	CYP1B1	Epithelial	ATP6AP1L	0.4284681937136321
ExprAssoGenes	1	Adipocyte	ZG16B	Epithelial	SCIMP	0.4284681937136321
ExprAssoGenes	1	Adipocyte	SLC13A3	Epithelial	TMEM170A	0.4284681937136321
ExprAssoGenes	1	Adipocyte	RNF144A	Epithelial	TBC1D20	0.4284681937136321
ExprAssoGenes	1	Adipocyte	MAN1C1	Epithelial	TRIM69	0.4284681937136321
ExprAssoGenes	1	Adipocyte	BBS2	Epithelial	CAMSAP1	0.4284681937136321
ExprAssoGenes	1	Adipocyte	XRRA1	Epithelial	GNL3	0.4284681937136321
ExprAssoGenes	1	Adipocyte	LY6G5C	Epithelial	COL6A1	0.4284681937136321
ExprAssoGenes	1	Adipocyte	APBB1IP	Epithelial	VTI1B	0.4284681937136321
ExprAssoGenes	1	Adipocyte	PLGRKT	Epithelial	MAT2B	0.4284681937136321
ExprAssoGenes	1	Adipocyte	HLA-B	Epithelial	DSCC1	0.4284681937136321
ExprAssoGenes	1	Adipocyte	SRD5A3	Epithelial	ATF1	0.4284681937136321
ExprAssoGenes	1	Adipocyte	PCP2	Epithelial	PAPLN	0.4284681937136321
ExprAssoGenes	1	Adipocyte	CNTLN	Epithelial	DDT	0.4284681937136321
ExprAssoGenes	1	Adipocyte	ZNF784	Epithelial	TUSC1	0.4284681937136321
ExprAssoGenes	1	Adipocyte	NRBP1	Epithelial	UTP14C	0.4284681937136321
ExprAssoGenes	1	Adipocyte	P2RY12	Epithelial	CDH8	0.4284681937136321
ExprAssoGenes	1	Adipocyte	HRNR	Epithelial	SFMBT1	0.4284681937136321
ExprAssoGenes	1	Adipocyte	SNX32	Epithelial	DTYMK	0.4284681937136321
ExprAssoGenes	1	Adipocyte	IVD	Epithelial	ABCF1	0.4284681937136321
ExprAssoGenes	1	Adipocyte	SLC22A1	Epithelial	SLC27A2	0.4284681937136321
ExprAssoGenes	1	Adipocyte	ACSF3	Epithelial	FUT1	0.4284681937136321
ExprAssoGenes	1	Adipocyte	NBEAL2	Epithelial	IRAK1BP1	0.4284681937136321
ExprAssoGenes	1	Adipocyte	RECQL5	Epithelial	ZNF181	0.4284681937136321
ExprAssoGenes	1	Adipocyte	FZD6	Epithelial	CCDC78	0.4284681937136321
ExprAssoGenes	1	Adipocyte	PARP10	Epithelial	DNM2	0.4284681937136321
ExprAssoGenes	1	Adipocyte	EFHD1	Epithelial	PDCD11	0.4284681937136321
ExprAssoGenes	1	Adipocyte	NEURL1B	Epithelial	DCPS	0.4284681937136321
ExprAssoGenes	1	Adipocyte	ZNF649	Epithelial	FGD3	0.4284681937136321
ExprAssoGenes	1	Adipocyte	TEX9	Epithelial	POLR2D	0.4284681937136321
ExprAssoGenes	1	Adipocyte	USP40	Epithelial	BHMT	0.4284681937136321
ExprAssoGenes	1	Adipocyte	SLX4IP	Epithelial	ABCA7	0.4284681937136321
ExprAssoGenes	1	Adipocyte	OR51E1	Epithelial	TRPM4	0.4284681937136321
ExprAssoGenes	1	Adipocyte	FLOT1	Epithelial	CEP44	0.4284681937136321
ExprAssoGenes	1	Adipocyte	ZFP14	Epithelial	NNT	0.4284681937136321
ExprAssoGenes	1	Adipocyte	ITIH4	Epithelial	CYB561D2	0.4284681937136321
ExprAssoGenes	1	Adipocyte	ADAMTS13	Epithelial	STX19	0.4284681937136321
ExprAssoGenes	1	Adipocyte	MFHAS1	Epithelial	SRSF12	0.4284681937136321
ExprAssoGenes	1	Adipocyte	PCDHB16	Epithelial	GBP3	0.4284681937136321
ExprAssoGenes	1	Adipocyte	SLC38A9	Epithelial	CAPRIN2	0.4284681937136321
ExprAssoGenes	1	Adipocyte	DTX4	Epithelial	SHISA5	0.4284681937136321
ExprAssoGenes	1	Adipocyte	DIRC1	Epithelial	SCGB2A1	0.4284681937136321
ExprAssoGenes	1	Adipocyte	GDI2	Epithelial	CNRIP1	0.4284681937136321
ExprAssoGenes	1	Adipocyte	GIMAP8	Epithelial	WDYHV1	0.4284681937136321
ExprAssoGenes	1	Adipocyte	GATAD1	Epithelial	ADAM33	0.4284681937136321
ExprAssoGenes	1	Adipocyte	SNAPC1	Epithelial	TNNT3	0.4284681937136321
ExprAssoGenes	1	Adipocyte	C19orf54	Epithelial	NCKIPSD	0.4284681937136321
ExprAssoGenes	1	Adipocyte	WDR6	Epithelial	BIRC7	0.4284681937136321
ExprAssoGenes	1	Adipocyte	TBC1D1	Epithelial	RBM23	0.4284681937136321
ExprAssoGenes	1	Adipocyte	AP1AR	Epithelial	KIR3DL1	0.4284681937136321
ExprAssoGenes	1	Adipocyte	CAPS	Epithelial	AADAT	0.4284681937136321
ExprAssoGenes	1	Adipocyte	CORO1A	Epithelial	CCL24	0.4284681937136321
ExprAssoGenes	1	Adipocyte	RDH5	Epithelial	ZNF596	0.4284681937136321
ExprAssoGenes	1	Adipocyte	ALS2	Epithelial	ZNF841	0.4284681937136321
ExprAssoGenes	1	Adipocyte	ZNF493	Epithelial	ZNF717	0.4284681937136321
ExprAssoGenes	1	Adipocyte	APOBEC3D	Epithelial	NMNAT2	0.4284681937136321
ExprAssoGenes	1	Adipocyte	CCDC157	Epithelial	GLTP	0.4284681937136321
ExprAssoGenes	1	Adipocyte	PLA2G6	Epithelial	DDX5	0.4284681937136321
ExprAssoGenes	1	Adipocyte	TRAPPC6A	Epithelial	LSM2	0.4284681937136321
ExprAssoGenes	1	Adipocyte	TBC1D3L	Epithelial	GLB1L	0.4284681937136321
ExprAssoGenes	1	Adipocyte	THBS3	Epithelial	GTF2H2C	0.4284681937136321
ExprAssoGenes	1	Adipocyte	LINGO4	Epithelial	TMF1	0.4284681937136321
ExprAssoGenes	1	Adipocyte	BTBD1	Epithelial	EXOC3	0.4284681937136321
ExprAssoGenes	1	Adipocyte	ZCCHC4	Epithelial	WBP2NL	0.4284681937136321
ExprAssoGenes	1	Adipocyte	KIAA1109	Epithelial	EPB41L4A	0.4284681937136321
ExprAssoGenes	1	Adipocyte	PBX1	Epithelial	PAAF1	0.4284681937136321
ExprAssoGenes	1	Adipocyte	BDP1	Epithelial	COL26A1	0.4284681937136321
ExprAssoGenes	1	Adipocyte	GALNT18	Epithelial	SOHLH2	0.4284681937136321
ExprAssoGenes	1	Adipocyte	RAB34	Epithelial	RAB6A	0.4284681937136321
ExprAssoGenes	1	Adipocyte	TRIM66	Epithelial	FGFBP2	0.4284681937136321
ExprAssoGenes	1	Adipocyte	CHMP4B	Epithelial	SMPDL3B	0.4284681937136321
ExprAssoGenes	1	Adipocyte	VANGL1	Epithelial	IL15RA	0.4284681937136321
ExprAssoGenes	1	Adipocyte	ANKRD23	Epithelial	LZTS2	0.4284681937136321
